-- phpMyAdmin SQL Dump
-- version 4.6.5.2
-- https://www.phpmyadmin.net/
--
-- Host: 127.0.0.1
-- Generation Time: Jul 17, 2017 at 06:41 AM
-- Server version: 10.1.21-MariaDB
-- PHP Version: 5.6.30

SET SQL_MODE = "NO_AUTO_VALUE_ON_ZERO";
SET time_zone = "+00:00";


/*!40101 SET @OLD_CHARACTER_SET_CLIENT=@@CHARACTER_SET_CLIENT */;
/*!40101 SET @OLD_CHARACTER_SET_RESULTS=@@CHARACTER_SET_RESULTS */;
/*!40101 SET @OLD_COLLATION_CONNECTION=@@COLLATION_CONNECTION */;
/*!40101 SET NAMES utf8mb4 */;

--
-- Database: `hyogaprod`
--

-- --------------------------------------------------------

--
-- Table structure for table `admin`
--

CREATE TABLE `admin` (
  `id` int(11) NOT NULL,
  `name` varchar(40) DEFAULT NULL,
  `password` varchar(100) DEFAULT NULL,
  `email` varchar(40) DEFAULT NULL,
  `mobile` bigint(10) DEFAULT NULL,
  `is_active` tinyint(4) DEFAULT '1',
  `created_date` date DEFAULT NULL,
  `updated_date` date DEFAULT NULL
) ENGINE=MyISAM DEFAULT CHARSET=latin1;

--
-- Dumping data for table `admin`
--

INSERT INTO `admin` (`id`, `name`, `password`, `email`, `mobile`, `is_active`, `created_date`, `updated_date`) VALUES
(1, 'admin', '6f96e3a3abd841ea565a422f6756c9cf', 'harsha@harshayoga.com', 9999999999, 1, '2017-03-05', '2017-03-05'),
(2, 'sumit mann', '5f4dcc3b5aa765d61d8327deb882cf99', 'sumitmann93@gmail.com', 9898989898, 1, '2017-03-16', NULL);

-- --------------------------------------------------------

--
-- Table structure for table `booking`
--

CREATE TABLE `booking` (
  `id` int(11) NOT NULL,
  `product_id` int(11) NOT NULL,
  `txn_id` varchar(40) NOT NULL,
  `amount_paid` decimal(10,0) DEFAULT NULL,
  `currency` varchar(3) DEFAULT NULL,
  `name` varchar(20) DEFAULT NULL,
  `email` varchar(40) DEFAULT NULL,
  `mobile` bigint(20) DEFAULT NULL,
  `booking_date` date NOT NULL,
  `tnc_agreed` tinyint(4) DEFAULT '0',
  `status` varchar(15) DEFAULT 'create',
  `user_id` varchar(40) NOT NULL
) ENGINE=InnoDB DEFAULT CHARSET=latin1;

--
-- Dumping data for table `booking`
--

INSERT INTO `booking` (`id`, `product_id`, `txn_id`, `amount_paid`, `currency`, `name`, `email`, `mobile`, `booking_date`, `tnc_agreed`, `status`, `user_id`) VALUES
(1, 1, '9e36251b047fb9566c3e', '100', 'INR', 'Keshav', 'keshavsin@gmail.com', 9123456785, '2017-06-23', 1, 'success', '18'),
(2, 1, '59b86bfb25d88faf2564', '5550', 'INR', 'Jayant chandavarkar', 'jayant.chandavarkar@gmail.com', 7829810381, '2017-06-26', 1, 'create', '19'),
(3, 1, '1c12ed98e37fe5da51ac', '5550', 'INR', 'Jayant chandavarkar', 'jayant.chandavarkar@gmail.com', 7829810381, '2017-06-26', 1, 'create', '19'),
(4, 1, '43845abdd565978e03e0', '5550', 'INR', 'Jayant chandavarkar', 'jayant.chandavarkar@gmail.com', 7829810381, '2017-06-26', 1, 'create', '19'),
(5, 1, 'de868924271eedc86eb6', '5550', 'INR', 'Keshav', 'keshavsin@gmail.com', 9123456785, '2017-06-28', 1, 'create', '18'),
(6, 1, 'b6b6f147206928914533', '5550', 'INR', 'Keshav', 'keshavsin@gmail.com', 9123456785, '2017-07-06', 1, 'create', '18'),
(7, 9, '23e2a3933078b51aee0d', '65000', 'INR', 'Keshav', 'keshavsin@gmail.com', 9123456785, '2017-07-06', 1, 'create', '18'),
(8, 3, 'bb96cfb1297d96870ce2', '12550', 'INR', 'Keshav', 'keshavsin@gmail.com', 9123456785, '2017-07-06', 1, 'create', '18'),
(9, 3, '0f6cd9c46b9515943ca0', '12550', 'INR', 'Keshav', 'keshavsin@gmail.com', 9123456785, '2017-07-06', 1, 'create', '18'),
(10, 2, '9deaf52e06382bd6b9ef', '9550', 'INR', 'Keshav', 'keshavsin@gmail.com', 9123456785, '2017-07-07', 1, 'create', '18'),
(11, 4, 'b305c61a6c576476fcee', '14550', 'INR', 'Keshav', 'keshavsin@gmail.com', 9123456785, '2017-07-14', 1, 'create', '18'),
(12, 4, 'eacfaa845160b5a8c2ac', '14550', 'INR', 'Keshav', 'keshavsin@gmail.com', 9123456785, '2017-07-14', 1, 'create', '18');

-- --------------------------------------------------------

--
-- Table structure for table `classes`
--

CREATE TABLE `classes` (
  `id` int(11) NOT NULL,
  `reference_no` varchar(15) DEFAULT NULL,
  `type` varchar(20) DEFAULT NULL,
  `is_active` tinyint(4) DEFAULT '1',
  `duration` varchar(20) DEFAULT NULL,
  `amount` decimal(10,2) DEFAULT NULL,
  `currency` varchar(3) DEFAULT NULL
) ENGINE=InnoDB DEFAULT CHARSET=latin1;

-- --------------------------------------------------------

--
-- Table structure for table `class_details`
--

CREATE TABLE `class_details` (
  `id` int(11) NOT NULL,
  `class_id` varchar(40) DEFAULT NULL,
  `description` varchar(400) DEFAULT NULL,
  `title` varchar(30) DEFAULT NULL
) ENGINE=InnoDB DEFAULT CHARSET=latin1;

-- --------------------------------------------------------

--
-- Table structure for table `product`
--

CREATE TABLE `product` (
  `id` int(11) NOT NULL,
  `reference_no` varchar(15) DEFAULT NULL,
  `menu_text` varchar(30) DEFAULT NULL,
  `type` varchar(25) NOT NULL,
  `location` varchar(50) NOT NULL,
  `class_type` varchar(15) DEFAULT NULL,
  `duration` int(11) DEFAULT NULL,
  `duration_unit` varchar(10) NOT NULL,
  `price` decimal(10,0) DEFAULT NULL,
  `currency` varchar(3) NOT NULL,
  `city` varchar(15) DEFAULT NULL,
  `state` varchar(15) DEFAULT NULL,
  `country` varchar(15) DEFAULT NULL,
  `title` varchar(30) NOT NULL,
  `description` text NOT NULL,
  `uniqueness` text NOT NULL,
  `additional_info` text NOT NULL,
  `pre-requisite` varchar(100) NOT NULL,
  `itinerary` text NOT NULL,
  `exclusion` varchar(100) NOT NULL,
  `cancellation` varchar(100) NOT NULL,
  `max_bookings` int(3) DEFAULT NULL,
  `html_template` text,
  `is_active` tinyint(1) NOT NULL DEFAULT '1',
  `start_date` date DEFAULT NULL,
  `end_date` date DEFAULT NULL,
  `shared` tinyint(1) NOT NULL,
  `accomodation` text NOT NULL,
  `created_date` datetime NOT NULL,
  `updated_date` datetime NOT NULL
) ENGINE=MyISAM DEFAULT CHARSET=latin1;

--
-- Dumping data for table `product`
--

INSERT INTO `product` (`id`, `reference_no`, `menu_text`, `type`, `location`, `class_type`, `duration`, `duration_unit`, `price`, `currency`, `city`, `state`, `country`, `title`, `description`, `uniqueness`, `additional_info`, `pre-requisite`, `itinerary`, `exclusion`, `cancellation`, `max_bookings`, `html_template`, `is_active`, `start_date`, `end_date`, `shared`, `accomodation`, `created_date`, `updated_date`) VALUES
(1, NULL, NULL, ' Regular Classes', '', 'Weekday', 3, 'Months', '5550', 'INR', NULL, NULL, NULL, '3 Months', '<h2>Asana</h2>\n<ul>\n<li>Begineers level 1  standing asanas as per Light on yoga (B.K.S. IYENGAR )</li>\n<li>Sitting asanas</li>\n<li>Forward bending</li>\n<li>Backbending</li>\n</ul>\n<p>Relaxation Asanas for different health issues (if any)</p>\n<h2>Pranayama</h2>\n<ul>\n<li>Suryabhedhana Pranayama</li>\n<li>Chandra Bhedhana Pranayama</li>\n<li>Bhrahmari</li>\n</ul>\n<h2>Yoga nidra</h2>\n<ul>\n<li>The first stage of yoga Nidra</li>\n</ul>\n<h2>Meditation</h2>\n<ul>\n<li>First 3 steps of Antar mauna</li>\n<li>First  3 steps of cidakasa dharana</li>\n</ul>', '', '', '', '', '', '', NULL, NULL, 1, NULL, '0000-00-00', 0, '', '2017-03-09 01:08:11', '2017-03-09 01:10:05'),
(2, NULL, NULL, ' Regular Classes', '', 'Weekday', 6, 'Months', '9550', 'INR', NULL, NULL, NULL, '6 Months', '<h2>Asana</h2>\r\n<ul>\r\n<li>Begineers level 2  standing asanas as per Light on yoga (B.K.S. IYENGAR )</li>\r\n<li>Entire cycle of sitting asanas</li>\r\n<li>Intermediate level of Backward bending</li>\r\n<li>Relaxation Asanas for different health issues (if any )</li>\r\n</ul>\r\n<h2>Pranayama</h2>\r\n<ul>\r\n<li>Kapalabhathi</li>\r\n<li>Bhasthrika pranayama</li>\r\n<li>Suryabhedhana Pranayama</li>\r\n<li>Chandra Bhedhana Pranayama</li>\r\n<li>Bhrahmari</li>\r\n</ul>\r\n<h2>Yoga nidra</h2>\r\n<ul>\r\n<li>The complete yoga Nidra practice (including the chakra visualization)</li>\r\n</ul>\r\n<h2>Meditation</h2>\r\n<ul>\r\n<li>First 5 steps of Antar mauna</li>\r\n<li>First  5 steps of cidakasa dharana</li>\r\n</ul>', '', '', '', '', '', '', NULL, NULL, 1, NULL, '0000-00-00', 0, '', '2017-03-09 01:08:11', '2017-03-09 01:10:05'),
(3, NULL, NULL, ' Regular Classes', '', 'Weekday', 10, 'Months', '12550', 'INR', NULL, NULL, NULL, '10 Months', '<h2>Asana</h2>\r\n<ul>\r\n<li>Intermediate  level  asanas as per Light on yoga (B.K.S. IYENGAR )</li>\r\n<li>Relaxation Asanas for different health issues (if any )</li>\r\n<li>Restorative practices</li>\r\n</ul>\r\n<h2>Pranayama</h2>\r\n<ul>\r\n<li>Kapalabhathi</li>\r\n<li>Bhasthrika pranayama</li>\r\n<li>Suryabhedhana Pranayama</li>\r\n<li>Chandra Bhedhana Pranayama</li>\r\n<li>Nadhi shodhana pranayama</li>\r\n<li>Bhrahmari</li>\r\n</ul>\r\n<h2>Yoga nidra</h2>\r\n<ul>\r\n<li>The complete yoga Nidra practice (including the chakra visualization)</li>\r\n</ul>\r\n<h2>Meditation</h2>\r\n<ul>\r\n<li>The complete practice of antar mauna</li>\r\n<li>The complete practice of cidakasa dharana</li>\r\n</ul>', '', '', '', '', '', '', NULL, NULL, 1, NULL, '0000-00-00', 0, '', '2017-03-09 01:08:11', '2017-03-09 01:10:05'),
(4, NULL, NULL, ' Regular Classes', '', 'Weekday', 15, 'Months', '14550', 'INR', NULL, NULL, NULL, '15 Months', '<h2>Asana</h2>\r\n<ul>\r\n<li>The complete Intermediate level  asanas as per Light on yoga (B.K.S. IYENGAR )</li>\r\n<li>Relaxation Asanas for different health issues (if any )</li>\r\n<li>Complete advance asana practices as per Light on yoga (B.K.S. IYENGAR )</li>\r\n</ul>\r\n<h2>Pranayama (along with retention)</h2>\r\n<ul>\r\n<li>Kapalabhathi</li>\r\n<li>Bhasthrika pranayama</li>\r\n<li>Suryabhedhana Pranayama</li>\r\n<li>Chandra Bhedhana Pranayama</li>\r\n<li>Nadhi shodhana pranayama</li>\r\n<li>Bhrahmari</li>\r\n</ul>\r\n<h2>Yoga nidra</h2>\r\n<ul>\r\n<li>The complete practice of Antar Mauna</li>\r\n<li>The complete practice of Cidakasa Dharana</li>\r\n<li>The complete practice of Hrudayakasa Dharana</li>\r\n</ul>\r\n<h2>TTC</h2>\r\n<ul>\r\n<li>After practicing for 15 months one can enroll for the Teacher training course which will be for a year</li>\r\n<li>Includes the study of yoga sutras, Hatha yoga, detailed study of the different practices from Asana to pranayama to Meditation</li>\r\n<li>Study of Anatomy of human body & in detail study of adopting yoga as therapy</li>\r\n</ul>', '', '', '', '', '', '', NULL, NULL, 1, NULL, '0000-00-00', 0, '', '2017-03-09 01:08:11', '2017-03-09 01:10:05'),
(5, NULL, NULL, ' Regular Classes', '', 'Weekend', 2, 'Months', '3500', 'INR', NULL, NULL, NULL, '2 Months', '<h2>Asana</h2>\n<ul>\n<li>Begineers level 1  standing asanas as per Light on yoga (B.K.S. IYENGAR )</li>\n<li>Sitting asanas</li>\n<li>Forward bending</li>\n<li>Backbending</li>\n</ul>\n<p>Relaxation Asanas for different health issues (if any)</p>\n<h2>Pranayama</h2>\n<ul>\n<li>Suryabhedhana Pranayama</li>\n<li>Chandra Bhedhana Pranayama</li>\n<li>Bhrahmari</li>\n</ul>\n<h2>Yoga nidra</h2>\n<ul>\n<li>The first stage of yoga Nidra</li>\n</ul>\n<h2>Meditation</h2>\n<ul>\n<li>First 3 steps of Antar mauna</li>\n<li>First  3 steps of cidakasa dharana</li>\n</ul>', '', '', '', '', '', '', NULL, NULL, 1, NULL, '0000-00-00', 0, '', '2017-03-09 01:08:11', '2017-03-09 01:10:05'),
(6, NULL, 'Goa', 'Retreat', 'Goa, Arambol', NULL, 200, 'Hours', '65000', 'INR', 'Arambol', 'Goa', 'India', 'GOA', '<div id=\"class_detail1\" class=\"modal fade in\" role=\"dialog\" style=\"display: block;\">\n   <div class=\"modal-dialog modal-lg\">\n      <div class=\"modal-content\">\n         <div class=\"modal-header\">\n            <button type=\"button\" class=\"close\" data-dismiss=\"modal\">x</button>\n            <h4 class=\"modal-title\">GOA</h4>\n         </div>\n         <div class=\"modal-body class-info\">\n            <div class=\"col-xs-12 about_text\">\n               <h2 class=\"heading1 colr_h\">goa</h2>\n               <h3 class=\"heading2\">Welcome to the path of realistic evolution.</h3>\n               <div class=\"pd_bttm\">\n                  <div id=\"retreat_pages\">\n                     <div id=\"myCarousel\" class=\"carousel slide main_slider\" data-ride=\"carousel\">\n                        <div class=\"carousel-inner \" role=\"listbox\">\n                           <div class=\"item active\"><img src=\"assets/images/goa/goa_slide1.jpg\" alt=\"goa image slide\"></div>\n                           <div class=\"item\"><img src=\"assets/images/goa/goa_slide2.jpg\" alt=\"goa image slide\"></div>\n                           <div class=\"item\"><img src=\"assets/images/goa/goa_slide3.jpg\" alt=\"goa image slide\"></div>\n                        </div>\n                        <a class=\"left carousel-control\" href=\"#myCarousel\" role=\"button\" data-slide=\"prev\"><span class=\"sr-only\">Previous</span></a><a class=\"right carousel-control\" href=\"#myCarousel\" role=\"button\" data-slide=\"next\"><span class=\"sr-only\">Next</span></a>\n                     </div>\n                  </div>\n                  <div class=\"container-fluid\">\n                     <div class=\"row\">\n                        <div class=\"col-sm-5 col-sm-push-7\">\n                           <table class=\"table\">\n                              <tbody>\n                                 <tr class=\"active\">\n                                    <th>Date</th>\n                                    <td>To be notified</td>\n                                 </tr>\n                                 <tr class=\"info\">\n                                    <th>Location</th>\n                                    <td>Goa, Arambol</td>\n                                 </tr>\n                                 <tr class=\"success\">\n                                    <th>Book</th>\n                                    <td>-</td>\n                                 </tr>\n                              </tbody>\n                           </table>\n                        </div>\n                        <div class=\"col-sm-7 col-sm-pull-5\">Arambol is a traditional fisherman village, located approximately a one-hour drive from the Dabolim Airport (GOI) within the Pernem, administrative region of northern Goa, India. A short walk north off the main beach is a smaller beach with a \"fresh water lake\" close to the sea. The jungle valley, enclosed between low hills hide a spectacular Banyan tree. Strong winds during the main season make it a significant location for leisure sports, like Paragliding and Kite Surfing. A variety of practitioners in the healing arts offer courses inYoga, meditation, Odissi Dance and others, instruments (like Tabla, Sitar and other traditional Indian as well as Western instruments.</div>\n                     </div>\n                  </div><br>\n				  \n				  	 <ul class=\"list-group\">\n						<li class=\"list-group-item disabled\">Elibiligity</li>\n						<li class=\"list-group-item\">Skill : open to all .</li>\n						<li class=\"list-group-item\">Group size : Maximum of 12 participants</li>\n				</ul>\n				\n				 <ul class=\"list-group\">\n						<li class=\"list-group-item disabled\">Routine</li>\n						<li class=\"list-group-item\">One yoga class</li>\n						<li class=\"list-group-item\">Guided Meditation</li>\n				</ul>\n				\n				 <ul class=\"list-group\">\n						<li class=\"list-group-item disabled\">Whats so unique about the place ?</li>\n						<li class=\"list-group-item\">You will be Staying very next to Gurukulam</li>\n						<li class=\"list-group-item\">You will witness Indian culture in its true splendor</li>\n						<li class=\"list-group-item\">Cauvery river flows infront of ur room.</li>\n						<li class=\"list-group-item\">Lush greenery.(U will also spot peacocks early mornings)</li>\n				</ul>\n				\n				 <ul class=\"list-group\">\n						<li class=\"list-group-item disabled\">What\'s not included ?</li>\n						<li class=\"list-group-item\">Airfare & transportation ( to & fro )</li>\n						<li class=\"list-group-item\">Additional expenses</li>\n						<li class=\"list-group-item\">Visa</li>\n				</ul>\n				\n					 <ul class=\"list-group\">\n						<li class=\"list-group-item disabled\">Package</li>\n						<li class=\"list-group-item\">1 person : Rs. 15000</li>\n						<li class=\"list-group-item\">Hut( In Goa)/private room (Shared),</li>\n						<li class=\"list-group-item\">Shower,wifi & Meals</li>\n				</ul>\n				\n					 <ul class=\"list-group\">\n						<li class=\"list-group-item disabled\">Cancellation</li>\n						<li class=\"list-group-item\">Zero refund on cancellation </li>\n						<li class=\"list-group-item\">No transfers/extensions</li>\n					\n				</ul>\n               </div>\n            </div>\n         </div>\n         <div class=\"modal-footer text-center\">\n            <!--<a type=\"button\" class=\"btn btn-primary btn-lg\" href=\"buy_now.php?pid=1\">Buy Now</a>-->\n         </div>\n      </div>\n   </div>\n</div>', '', '', '', '', '', '', NULL, NULL, 1, NULL, '0000-00-00', 0, '', '2017-03-09 04:18:19', '2017-03-09 05:17:19'),
(7, NULL, 'Mysuru', 'Retreat', 'Srirangapattana', NULL, 200, 'Hours', '57000', 'INR', 'Mysuru', 'Karnataka', 'India', 'MYSURU', '<div id=\"class_detail1\" class=\"modal fade in\" role=\"dialog\" style=\"display: block;\">\n   <div class=\"modal-dialog modal-lg\">\n      <div class=\"modal-content\">\n         <div class=\"modal-header\">\n            <button type=\"button\" class=\"close\" data-dismiss=\"modal\">x</button>\n            <h4 class=\"modal-title\">Srirangapattana, Mysuru, India</h4>\n         </div>\n         <div class=\"modal-body class-info\">\n            <div class=\"col-xs-12 about_text\">\n               <h2 class=\"heading1 colr_h\">Srirangapattana, Mysuru</h2>\n               <h3 class=\"heading2\">Welcome to the path of realistic evolution.</h3>\n               <div class=\"pd_bttm\">\n                  <div id=\"retreat_pages\">\n                  <div id=\"myCarousel\" class=\"carousel slide main_slider\" data-ride=\"carousel\">\n                      <div class=\"carousel-inner \" role=\"listbox\">\n                            <div class=\"item\"><img src=\"assets/images/mysuru/mysuru_slide1.jpg\" alt=\"RETREAT SRIRANGAPATTANA, MYSURU KARNATAKA INDIA\"></div>\n                            <div class=\"item active\"><img src=\"assets/images/mysuru/mysuru_slide2.jpg\" alt=\"RETREAT SRIRANGAPATTANA, MYSURU KARNATAKA INDIA\"></div>\n                            <div class=\"item\"><img src=\"assets/images/mysuru/mysuru_slide3.jpg\" alt=\"RETREAT SRIRANGAPATTANA, MYSURU KARNATAKA INDIA\"></div>\n                            <div class=\"item\"><img src=\"assets/images/mysuru/mysuru_slide4.jpg\" alt=\"RETREAT SRIRANGAPATTANA, MYSURU KARNATAKA INDIA\"></div>\n                            <div class=\"item\"><img src=\"assets/images/mysuru/mysuru_slide5.jpg\" alt=\"RETREAT SRIRANGAPATTANA, MYSURU KARNATAKA INDIA\"></div>\n                      </div>\n                      <a class=\"left carousel-control\" href=\"#myCarousel\" role=\"button\" data-slide=\"prev\"><span class=\"sr-only\">Previous</span></a><a class=\"right carousel-control\" href=\"#myCarousel\" role=\"button\" data-slide=\"next\"><span class=\"sr-only\">Next</span></a>\n                  </div>\n                  </div>\n                  <div class=\"container-fluid\">\n                     <div class=\"row\">\n                        <div class=\"col-sm-5 col-sm-push-7\">\n                           <table class=\"table\">\n                              <tbody>\n                                 <tr class=\"active\">\n                                    <th>Date</th>\n                                    <td>August 12 - 15 </td>\n                                 </tr>\n                                 <tr class=\"info\">\n                                    <th>Location</th>\n                                    <td>Mysuru, Srirangapattana</td>\n                                 </tr>\n                                 <tr class=\"success\">\n                                    <th>Package Starts</th>\n                                    <td>Rs. 15000/-</td>\n                                 </tr>\n                              </tbody>\n                           </table>\n                        </div>\n                        <div class=\"col-sm-7 col-sm-pull-5\">Mysore (or Mysuru), a city in India\'s southwestern Karnataka state, was the capital of the Kingdom of Mysore from 1399 to 1947. In its center is opulent Mysore Palace, seat of the former ruling Wodeyar dynasty. The palace blends Hindu, Islamic, Gothic and Rajput styles. Mysore is also home to the centuries-old Devaraja Market, filled with spices, silk and sandalwood.<br/>\nSrirangapattana is a town in Mandya district of the Indian state of Karnataka. Located near the city of Mysore (Mysuru), it is of religious, cultural and historic importance.\nThe town takes its name from the celebrated Ranganathaswamy temple which dominates the town. Tradition holds that all the islands formed in the Kaveri River are consecrated to Sri Ranganathaswamy, and large temples have been built in very ancient times dedicated to that deity on the three largest islands. These three towns, which constitute the main pilgrimage centers dedicated to god Ranganathaswamy.</div>\n                     </div>\n					  \n                  </div><br/>\n				 <ul class=\"list-group\">\n						<li class=\"list-group-item disabled\">Elibiligity</li>\n						<li class=\"list-group-item\">Skill : open to all .</li>\n						<li class=\"list-group-item\">Group size : Maximum of 12 participants</li>\n				</ul>\n				\n				 <ul class=\"list-group\">\n						<li class=\"list-group-item disabled\">Routine</li>\n						<li class=\"list-group-item\">One yoga class</li>\n						<li class=\"list-group-item\">Guided Meditation</li>\n				</ul>\n				\n				 <ul class=\"list-group\">\n						<li class=\"list-group-item disabled\">Whats so unique about the place ?</li>\n						<li class=\"list-group-item\">You will be Staying very next to Gurukulam</li>\n						<li class=\"list-group-item\">You will witness Indian culture in its true splendor</li>\n						<li class=\"list-group-item\">Cauvery river flows infront of ur room.</li>\n						<li class=\"list-group-item\">Lush greenery.(U will also spot peacocks early mornings)</li>\n				</ul>\n				\n				 <ul class=\"list-group\">\n						<li class=\"list-group-item disabled\">What\'s not included ?</li>\n						<li class=\"list-group-item\">Airfare & transportation ( to & fro )</li>\n						<li class=\"list-group-item\">Additional expenses</li>\n						<li class=\"list-group-item\">Visa</li>\n				</ul>\n				\n					 <ul class=\"list-group\">\n						<li class=\"list-group-item disabled\">Package</li>\n						<li class=\"list-group-item\">1 person : Rs. 15000</li>\n						<li class=\"list-group-item\">Hut( In Goa)/private room (Shared),</li>\n						<li class=\"list-group-item\">Shower,wifi & Meals</li>\n				</ul>\n				\n					 <ul class=\"list-group\">\n						<li class=\"list-group-item disabled\">Cancellation</li>\n						<li class=\"list-group-item\">Zero refund on cancellation </li>\n						<li class=\"list-group-item\">No transfers/extensions</li>\n					\n				</ul>\n				   \n               </div>\n            </div>\n         </div>\n         <div class=\"modal-footer text-center\">\n            <!--<a type=\"button\" class=\"btn btn-primary btn-lg\" href=\"buy_now.php?pid=1\">Buy Now</a>-->\n         </div>\n      </div>\n   </div>\n</div>\n', '', '', '', '', '', '', NULL, NULL, 1, NULL, '0000-00-00', 0, '', '2017-03-09 04:18:19', '2017-03-09 05:17:19'),
(8, NULL, 'Bali', 'Retreat', 'Ubud', NULL, 200, 'Hours', '87000', 'INR', 'Bali', NULL, 'Indonesia', 'BALI', '<div id=\"class_detail1\" class=\"modal fade in\" role=\"dialog\" style=\"display: block;\">\n   <div class=\"modal-dialog modal-lg\">\n      <div class=\"modal-content\">\n         <div class=\"modal-header\">\n            <button type=\"button\" class=\"close\" data-dismiss=\"modal\">x</button>\n            <h4 class=\"modal-title\">Bali Indonesia</h4>\n         </div>\n         <div class=\"modal-body class-info\">\n            <div class=\"col-xs-12 about_text\">\n               <h2 class=\"heading1 colr_h\">Ubud, Bali</h2>\n               <h3 class=\"heading2\">Welcome to the path of realistic evolution.</h3>\n               <div class=\"pd_bttm\">\n                  <div id=\"retreat_pages\">\n                     <div id=\"myCarousel\" class=\"carousel slide main_slider\" data-ride=\"carousel\">\n                        <div class=\"carousel-inner \" role=\"listbox\">\n                           <div class=\"item\"><img src=\"assets/images/bali/bali_slide1.jpg\" alt=\"BALI image slide\"></div>\n                           <div class=\"item active\"><img src=\"assets/images/bali/bali_slide2.jpg\" alt=\"BALI image slide\"></div>\n                           <div class=\"item\"><img src=\"assets/images/bali/bali_slide3.jpg\" alt=\"BALI image slide\"></div>\n                        </div>\n                        <a class=\"left carousel-control\" href=\"#myCarousel\" role=\"button\" data-slide=\"prev\"><span class=\"sr-only\">Previous</span></a><a class=\"right carousel-control\" href=\"#myCarousel\" role=\"button\" data-slide=\"next\"><span class=\"sr-only\">Next</span></a>\n                     </div>\n                  </div>\n                  <div class=\"container-fluid\">\n                     <div class=\"row\">\n                        <div class=\"col-sm-5 col-sm-push-7\">\n                           <table class=\"table\">\n                              <tbody>\n                                 <tr class=\"active\">\n                                    <th>Date</th>\n                                    <td>To be notified</td>\n                                 </tr>\n                                 <tr class=\"info\">\n                                    <th>Location</th>\n                                    <td>Bali, Ubud</td>\n                                 </tr>\n                                 <tr class=\"success\">\n                                    <th>Book</th>\n                                    <td>-</td>\n                                 </tr>\n                              </tbody>\n                           </table>\n                        </div>\n                        <div class=\"col-sm-7 col-sm-pull-5\">Bali, also known as the \"Land of the Gods\", is the most famous island in Indonesia. It stakes a serious claim to be paradise on earth.<br/>\nBali\'s looming volcanoes and lush, terraced rice fields exude both serenity and sublimity. Bali is known for its dramatic dances, intricately carved temples, colorful ceremonies, arts and crafts, luxurious beach resorts and exciting night life. From inspirational spirituality to fine dining and meeting experiences, from world class surfing and diving to exhilarating treks in the wild, this exotic island has much to offer.<br/>\nUbud, is where the retreat will happen, is a small town in central Bali. Far removed from the beach party scene, Ubud is the cultural center of Bali. Much of the town and nearby villages consist of artists\' workshops and galleries. The ubiquitous creativity, remarkable architecture and calm, warm vibe make Ubud a perfect place to relax, recharge and, of course, practice yoga.</div>\n                     </div>\n                  </div>\n				  \n				  	 <ul class=\"list-group\">\n						<li class=\"list-group-item disabled\">Elibiligity</li>\n						<li class=\"list-group-item\">Skill : open to all .</li>\n						<li class=\"list-group-item\">Group size : Maximum of 12 participants</li>\n				</ul>\n				\n				 <ul class=\"list-group\">\n						<li class=\"list-group-item disabled\">Routine</li>\n						<li class=\"list-group-item\">One yoga class</li>\n						<li class=\"list-group-item\">Guided Meditation</li>\n				</ul>\n				\n				 <ul class=\"list-group\">\n						<li class=\"list-group-item disabled\">Whats so unique about the place ?</li>\n						<li class=\"list-group-item\">You will be Staying very next to Gurukulam</li>\n						<li class=\"list-group-item\">You will witness Indian culture in its true splendor</li>\n						<li class=\"list-group-item\">Cauvery river flows infront of ur room.</li>\n						<li class=\"list-group-item\">Lush greenery.(U will also spot peacocks early mornings)</li>\n				</ul>\n				\n				 <ul class=\"list-group\">\n						<li class=\"list-group-item disabled\">What\'s not included ?</li>\n						<li class=\"list-group-item\">Airfare & transportation ( to & fro )</li>\n						<li class=\"list-group-item\">Additional expenses</li>\n						<li class=\"list-group-item\">Visa</li>\n				</ul>\n				\n					 <ul class=\"list-group\">\n						<li class=\"list-group-item disabled\">Package</li>\n						<li class=\"list-group-item\">1 person : Rs. 15000</li>\n						<li class=\"list-group-item\">Hut( In Goa)/private room (Shared),</li>\n						<li class=\"list-group-item\">Shower,wifi & Meals</li>\n				</ul>\n				\n					 <ul class=\"list-group\">\n						<li class=\"list-group-item disabled\">Cancellation</li>\n						<li class=\"list-group-item\">Zero refund on cancellation </li>\n						<li class=\"list-group-item\">No transfers/extensions</li>\n					\n				</ul>\n               </div>\n            </div>\n         </div>\n         <div class=\"modal-footer text-center\">\n            <!--<a type=\"button\" class=\"btn btn-primary btn-lg\" href=\"buy_now.php?pid=1\">Buy Now</a>-->\n         </div>\n      </div>\n   </div>\n</div>\n', '', '', '', '', '', '', NULL, NULL, 1, NULL, '0000-00-00', 0, '', '2017-03-09 04:18:19', '2017-03-09 05:17:19'),
(9, NULL, 'Ashtanga Yoga Level 1', 'Teacher Training Course', '', NULL, 200, 'Hours', '65000', 'INR', NULL, NULL, NULL, 'ASHTANGA YOGA LEVEL 1', '<div id=\"class_detail1\" class=\"modal fade in\" role=\"dialog\" style=\"display: block;\">\n<div class=\"modal-dialog modal-lg\">\n<div class=\"modal-content\">\n\n<div class=\"modal-header\">\n<button type=\"button\" class=\"close\" data-dismiss=\"modal\">x</button>\n<h4 class=\"modal-title\">ASHTANGA YOGA LEVEL 1</h4>\n\n</div>\n<div class=\"modal-body class-info\">\n<div class=\"col-xs-12 about_text\">\n<h2 class=\"heading1 colr_h\">ASHTANGA YOGA LEVEL 1</h2>\n<h3 class=\"heading2\">Syllabus</h3>\n<p><img src=\"assets/images/ashtanga-yoga-level-1.jpg\" class=\"floating_thumbcntr\" alt=\"ASHTANGA YOGA LEVEL 1 image slide\"></p>\n<ul class=\"list-group\">\n    <li class=\"list-group-item disabled\">Philosophy</li>\n  <li class=\"list-group-item\">Important sutras from chapter 1 &amp; 2 of yoga sutras of patanjali.</li>\n  <li class=\"list-group-item\">The first chapter of hatha yoga.</li>\n  <li class=\"list-group-item\">A brief study on the four streams of yoga. Namely; Raja yoga, karma yoga, Bhakti yoga, Gyana yoga.</li>\n</ul>\n<ul class=\"list-group\">\n    <li class=\"list-group-item disabled\">Anatomy</li>\n  <li class=\"list-group-item\">An introduction to anatomy &amp; physiology of human body</li>\n  <li class=\"list-group-item\">What not to teach for individuals suffering from different ailments.</li>\n</ul>\n<ul class=\"list-group\">\n  <li class=\"list-group-item disabled\">Asana</li>\n  <li class=\"list-group-item\">The beginners level from The light on Yoga &amp; the first few weeks of intermediate level for those who wish to push their limits</li>\n  <li class=\"list-group-item\">Curative asanas for individuals suffering from different ailments.</li>\n  <ul class=\"list-group-inner\">\n<l1 class=\"list-group-inner disabled\">Standing Asana</li>\n<li class=\"list-group-inner\">Trikonasana</li>\n<li class=\"list-group-inner\">Parivritta trikonasana</li>\n<li class=\"list-group-inner\">Parsva konasana</li>\n<li class=\"list-group-inner\">Parivritta parsvakonasana</li>\n<li class=\"list-group-inner\">Veerabhadrasana I</li>\n<li class=\"list-group-inner\">Veerabhadrasana II</li>\n<li class=\"list-group-inner\">Veerabhadrasana III</li>\n<li class=\"list-group-inner\">Arshachandrasana</li>\n<li class=\"list-group-inner\">Parivritta Ardhachandrasana</li>\n<li class=\"list-group-inner\">Ardhachandrasana II</li>\n<li class=\"list-group-inner\">Prasarita paddoatanasana</li>\n<li class=\"list-group-inner\">Prasarita paddoatanasana II</li>\n<li class=\"list-group-inner\">Padangushtasana</li>\n<li class=\"list-group-inner\">Pada Hastasana</li>\n<li class=\"list-group-inner\">Uttanasana</li>\n</ul>\n<ul class=\"list-group-inner\">\n	<l1 class=\"disabled\"> Sitting asana</li>\n	<li class=\"list-group-inner\">Janu sirasana</li>\n	<li class=\"list-group-inner\">Parivritta Janu sirasana</li>\n	<li class=\"list-group-inner\">Ardha baddha padma paschimottanasana</li>\n	<li class=\"list-group-inner\">Triangmukaipada paschimottanasana</li>\n	<li class=\"list-group-inner\">Paschimottanasana</li>\n	<li class=\"list-group-inner\">Parivriita paschimottanasana</li>\n	<li class=\"list-group-inner\">Akarana dhanurasana</li>\n	<li class=\"list-group-inner\">Koormasana</li>\n	</ul>\n	<ul class=\"list-group-inner\">\n	<l1 class=\"disabled\">Hand balancing</li>\n	<li class=\"list-group-inner\">Vashistasana</li>\n	<li class=\"list-group-inner\">Bhujapidasana</li>\n	<li class=\"list-group-inner\">Ekapada bhujasana</li>\n	<li class=\"list-group-inner\">Ashtavakrasana</li>\n	<li class=\"list-group-inner\">Dwipada bhujasana</li>\n	<li class=\"list-group-inner\">Mayurasana</li>\n	<li class=\"list-group-inner\">Padma mayurasana</li>\n	<li class=\"list-group-inner\">Bakasana</li>\n	</ul>\n	<ul class=\"list-group-inner\">\n	<l1 class=\"disabled\">Padmasana series</li>\n	<li class=\"list-group-inner\">Padmasana</li>\n	<li class=\"list-group-inner\">Baddha padmasana</li>\n	<li class=\"list-group-inner\">Yoga mudrasana</li>\n	<li class=\"list-group-inner\">Simhasana</li>\n	</ul>\n	<ul class=\"list-group-inner\">\n	<l1 class=\"disabled\">Backward bends</li>\n	<li class=\"list-group-inner\">Bhujhangasana</li>\n	<li class=\"list-group-inner\">Shalabasana</li>\n	<li class=\"list-group-inner\">Mandukasana</li>\n	<li class=\"list-group-inner\">Ustrasana </li>\n	<li class=\"list-group-inner\">Dhanurasana</li>\n	<li class=\"list-group-inner\">Parsva dhanurasana</li>\n	</ul>\n	<ul class=\"list-group-inner\">\n	<l1 class=\"disabled\">Sitting</li>\n	<li class=\"list-group-inner\">Ardha navasana</li>\n	<li class=\"list-group-inner\">Paripoorna navasana</li>\n	<li class=\"list-group-inner\">Ubhaya padnagustasana I</li>\n	</ul>\n	 <ul class=\"list-group-inner\">\n	<l1 class=\"disabled\">Sarvangasana</li>\n	<li class=\"list-group-inner\">Salamba sarvangasana 1</li>\n	<li class=\"list-group-inner\">Salamba sarvangasana 2</li>\n	<li class=\"list-group-inner\">Salamba sarvangasana 3</li>\n	<li class=\"list-group-inner\">Salamba sarvangasana 4</li>\n	<li class=\"list-group-inner\">Ekapada sarvangasana</li>\n	<li class=\"list-group-inner\">Parsvaikapada sarvangasana</li>\n	<li class=\"list-group-inner\">Halasana</li>\n	<li class=\"list-group-inner\">Parsva halasana</li>\n	<li class=\"list-group-inner\">Karna pidasana</li>\n	<li class=\"list-group-inner\">Supta konasana</li>\n	</ul>\n	 <ul class=\"list-group-inner\">\n	<l1 class=\"disabled\">Sirasana</li>\n	<li class=\"list-group-inner\">Salamba sirasana 1</li>\n	<li class=\"list-group-inner\">Salamba sirasana 2</li>\n	<li class=\"list-group-inner\">Salamba sirasana 3</li>\n	<li class=\"list-group-inner\">Salamba sirasana 4</li>\n	<li class=\"list-group-inner\">Salamba sirasana 5</li>\n	<li class=\"list-group-inner\">Ekapada sirasana </li>\n	<li class=\"list-group-inner\">Parsva sirasana</li>\n	<li class=\"list-group-inner\">Parsvaikapada sirasana</li>\n	</ul>\n	<ul class=\"list-group-inner\">\n	<l1 class=\"disabled\">Twisting</li>\n	<li class=\"list-group-inner\">Marichyasana 1</li>\n	<li class=\"list-group-inner\">Marichyasana 2</li>\n	<li class=\"list-group-inner\">Ardha matsyendrasana 1</li>\n	<li class=\"list-group-inner\">Ardha matsyendrasana 2</li></ul>\n	<ul class=\"list-group-inner\">\n	<l1 class=\"disabled\">Lying down</li>\n	<li class=\"list-group-inner\">Jatara parivrittasana </li>\n	<li class=\"list-group-inner\">Supta padangustasana. Step 1, 2 & 3</li>\n	<li class=\"list-group-inner\">Akarana dhanurasana. Step1 & 2 </li>\n	</ul>\n</ul>\n<ul class=\"list-group\">\n    <li class=\"list-group-item disabled\">Pranayama</li>\n  <li class=\"list-group-item\">Kapalbhati</li>\n  <li class=\"list-group-item\">Bhastrika Pranayama</li>\n  <li class=\"list-group-item\">Surya bhedhana pranayama</li>\n  <li class=\"list-group-item\">Nadi shodhana pranayama</li>\n  <li class=\"list-group-item\">Bhramari pranayama</li>\n  <li class=\"list-group-item text-info\"><i>Involves the theoretical study of each of the above &amp; practice sequence too that can be followed for upto 18 months.</i></li>\n</ul>\n<ul class=\"list-group\">\n    <li class=\"list-group-item disabled\">Meditation</li>\n  <li class=\"list-group-item\">There will regularly be short sessions of meditation (around 15-30 minutes per session).</li>\n  </ul>\n  <ul class=\"list-group\">\n    <li class=\"list-group-item disabled\">Chanting</li>\n  <li class=\"list-group-item\">Yoga shloka</li>\n  <li class=\"list-group-item\">Surya Namaskara shloka &amp; 13 mantras</li>\n  <li class=\"list-group-item\">Shanti mantra</li>\n  <li class=\"list-group-item\">Pranayama shloka</li>\n  <li class=\"list-group-item text-info\"><i>The above will be taught to students in person &amp; by the end of the ttc they will be able to chant fluently too so that a part of Sanskrit language, the of all languages stays in them for every.</i></li>\n</ul>\n<ul class=\"list-group\">\n    <li class=\"list-group-item disabled\">Duration and intake</li>\n  <li class=\"list-group-item\">Weekday : Every Tuesday , Thursday &amp; Saturday - 2 months</li>\n  <li class=\"list-group-item\">Weekends : 3 months</li>\n  <li class=\"list-group-item\">A maximum of 10 students/ ttc. Individual attention will be given all the students to bring out the best in them.</li>\n </ul>\n <ul class=\"list-group\">\n    <li class=\"list-group-item disabled\">Pre requisites</li>\n  <li class=\"list-group-item\">Students must have prior practice for atleast 3 - 18 months</li>\n  <li class=\"list-group-item\">Beginners having the inclination towards in-depth studies &amp; want to enhance their knowledge base can apply too.</li>\n</ul>\n<ul class=\"list-group\">\n    <li class=\"list-group-item disabled\">Presentation and yoga therapy</li>\n  <li class=\"list-group-item\">Students are required to prepare a mini Students are required to submit this for review and then present to the class their chosen condition and how to treat it with yoga.</li>\n  </ul>\n  <ul class=\"list-group\">\n    <li class=\"list-group-item disabled\">Kriyas</li>\n  <li class=\"list-group-item\"><div class=\"badge_cstom\">Jalaneti</div><div class=\"badge_cstom\">Sutra Neti</div><div class=\"badge_cstom\">Kaphalabati</div><div class=\"badge_cstom\">Trataka</div><div class=\"badge_cstom\">Shankprakshalana</div><div class=\"badge_cstom\">Dhouti</div>\n</li>\n  </ul>\n  <ul class=\"list-group\">\n    <li class=\"list-group-item disabled\">Preparatory reading</li>\n  <li class=\"list-group-item\">Light on Yoga by B K S Iyengar</li>\n  <li class=\"list-group-item\">Yoga: Asanas Pranayama Mudras Kriyas by Vivekananda Kendra Prakashan</li>\n  <li class=\"list-group-item\">Raja Yoga by Swami Vivekananda</li>\n  <li class=\"list-group-item\">The Forceful Yoga by G. P Bhatt</li>\n  <li class=\"list-group-item\">Four Chapters on Freedom by Bihar Yoga</li>\n  <li class=\"list-group-item\">Hatha Yoga Pradipika by Swami Muktibodhananda (Bihar Yoga)</li>\n  <li class=\"list-group-item\">Asana Pranayama Mudra Bandha by Swami Satyananda Saraswati</li>\n  </ul>\n</div>\n</div>\n<div class=\"modal-footer text-center\">\n<a type=\"button\" class=\"btn btn-primary btn-lg\" href=\"buy_now.php?pid=1\">Buy Now</a>\n</div>\n</div>\n</div>\n</div>', '', '', '', '', '', '', 10, '<ul class=\"list-group\">\r\n    <li class=\"list-group-item disabled\">Philosophy</li>\r\n  <li class=\"list-group-item\">Important sutras from chapter 1 &amp; 2 of yoga sutras of patanjali.</li>\r\n  <li class=\"list-group-item\">The first chapter of hatha yoga.</li>\r\n  <li class=\"list-group-item\">A brief study on the four streams of yoga. Namely; Raja yoga, karma yoga, Bhakti yoga, Gyana yoga.</li>\r\n</ul>\r\n<ul class=\"list-group\">\r\n    <li class=\"list-group-item disabled\">Anatomy</li>\r\n  <li class=\"list-group-item\">An introduction to anatomy &amp; physiology of human body</li>\r\n  <li class=\"list-group-item\">What not to teach for individuals suffering from different ailments.</li>\r\n</ul>\r\n<ul class=\"list-group\">\r\n  <li class=\"list-group-item disabled\">Asana</li>\r\n  <li class=\"list-group-item\">The beginners level from The light on Yoga &amp; the first few weeks of intermediate level for those who wish to push their limits</li>\r\n  <li class=\"list-group-item\">Curative asanas for individuals suffering from different ailments.</li>\r\n  <ul class=\"list-group-inner\">\r\n<l1 class=\"list-group-inner disabled\">Standing Asana</li>\r\n<li class=\"list-group-inner\">Trikonasana</li>\r\n<li class=\"list-group-inner\">Parivritta trikonasana</li>\r\n<li class=\"list-group-inner\">Parsva konasana</li>\r\n<li class=\"list-group-inner\">Parivritta parsvakonasana</li>\r\n<li class=\"list-group-inner\">Veerabhadrasana I</li>\r\n<li class=\"list-group-inner\">Veerabhadrasana II</li>\r\n<li class=\"list-group-inner\">Veerabhadrasana III</li>\r\n<li class=\"list-group-inner\">Arshachandrasana</li>\r\n<li class=\"list-group-inner\">Parivritta Ardhachandrasana</li>\r\n<li class=\"list-group-inner\">Ardhachandrasana II</li>\r\n<li class=\"list-group-inner\">Prasarita paddoatanasana</li>\r\n<li class=\"list-group-inner\">Prasarita paddoatanasana II</li>\r\n<li class=\"list-group-inner\">Padangushtasana</li>\r\n<li class=\"list-group-inner\">Pada Hastasana</li>\r\n<li class=\"list-group-inner\">Uttanasana</li>\r\n</ul>\r\n<ul class=\"list-group-inner\">\r\n	<l1 class=\"disabled\"> Sitting asana</li>\r\n	<li class=\"list-group-inner\">Janu sirasana</li>\r\n	<li class=\"list-group-inner\">Parivritta Janu sirasana</li>\r\n	<li class=\"list-group-inner\">Ardha baddha padma paschimottanasana</li>\r\n	<li class=\"list-group-inner\">Triangmukaipada paschimottanasana</li>\r\n	<li class=\"list-group-inner\">Paschimottanasana</li>\r\n	<li class=\"list-group-inner\">Parivriita paschimottanasana</li>\r\n	<li class=\"list-group-inner\">Akarana dhanurasana</li>\r\n	<li class=\"list-group-inner\">Koormasana</li>\r\n	</ul>\r\n	<ul class=\"list-group-inner\">\r\n	<l1 class=\"disabled\">Hand balancing</li>\r\n	<li class=\"list-group-inner\">Vashistasana</li>\r\n	<li class=\"list-group-inner\">Bhujapidasana</li>\r\n	<li class=\"list-group-inner\">Ekapada bhujasana</li>\r\n	<li class=\"list-group-inner\">Ashtavakrasana</li>\r\n	<li class=\"list-group-inner\">Dwipada bhujasana</li>\r\n	<li class=\"list-group-inner\">Mayurasana</li>\r\n	<li class=\"list-group-inner\">Padma mayurasana</li>\r\n	<li class=\"list-group-inner\">Bakasana</li>\r\n	</ul>\r\n	<ul class=\"list-group-inner\">\r\n	<l1 class=\"disabled\">Padmasana series</li>\r\n	<li class=\"list-group-inner\">Padmasana</li>\r\n	<li class=\"list-group-inner\">Baddha padmasana</li>\r\n	<li class=\"list-group-inner\">Yoga mudrasana</li>\r\n	<li class=\"list-group-inner\">Simhasana</li>\r\n	</ul>\r\n	<ul class=\"list-group-inner\">\r\n	<l1 class=\"disabled\">Backward bends</li>\r\n	<li class=\"list-group-inner\">Bhujhangasana</li>\r\n	<li class=\"list-group-inner\">Shalabasana</li>\r\n	<li class=\"list-group-inner\">Mandukasana</li>\r\n	<li class=\"list-group-inner\">Ustrasana </li>\r\n	<li class=\"list-group-inner\">Dhanurasana</li>\r\n	<li class=\"list-group-inner\">Parsva dhanurasana</li>\r\n	</ul>\r\n	<ul class=\"list-group-inner\">\r\n	<l1 class=\"disabled\">Sitting</li>\r\n	<li class=\"list-group-inner\">Ardha navasana</li>\r\n	<li class=\"list-group-inner\">Paripoorna navasana</li>\r\n	<li class=\"list-group-inner\">Ubhaya padnagustasana I</li>\r\n	</ul>\r\n	 <ul class=\"list-group-inner\">\r\n	<l1 class=\"disabled\">Sarvangasana</li>\r\n	<li class=\"list-group-inner\">Salamba sarvangasana 1</li>\r\n	<li class=\"list-group-inner\">Salamba sarvangasana 2</li>\r\n	<li class=\"list-group-inner\">Salamba sarvangasana 3</li>\r\n	<li class=\"list-group-inner\">Salamba sarvangasana 4</li>\r\n	<li class=\"list-group-inner\">Ekapada sarvangasana</li>\r\n	<li class=\"list-group-inner\">Parsvaikapada sarvangasana</li>\r\n	<li class=\"list-group-inner\">Halasana</li>\r\n	<li class=\"list-group-inner\">Parsva halasana</li>\r\n	<li class=\"list-group-inner\">Karna pidasana</li>\r\n	<li class=\"list-group-inner\">Supta konasana</li>\r\n	</ul>\r\n	 <ul class=\"list-group-inner\">\r\n	<l1 class=\"disabled\">Sirasana</li>\r\n	<li class=\"list-group-inner\">Salamba sirasana 1</li>\r\n	<li class=\"list-group-inner\">Salamba sirasana 2</li>\r\n	<li class=\"list-group-inner\">Salamba sirasana 3</li>\r\n	<li class=\"list-group-inner\">Salamba sirasana 4</li>\r\n	<li class=\"list-group-inner\">Salamba sirasana 5</li>\r\n	<li class=\"list-group-inner\">Ekapada sirasana </li>\r\n	<li class=\"list-group-inner\">Parsva sirasana</li>\r\n	<li class=\"list-group-inner\">Parsvaikapada sirasana</li>\r\n	</ul>\r\n	<ul class=\"list-group-inner\">\r\n	<l1 class=\"disabled\">Twisting</li>\r\n	<li class=\"list-group-inner\">Marichyasana 1</li>\r\n	<li class=\"list-group-inner\">Marichyasana 2</li>\r\n	<li class=\"list-group-inner\">Ardha matsyendrasana 1</li>\r\n	<li class=\"list-group-inner\">Ardha matsyendrasana 2</li></ul>\r\n	<ul class=\"list-group-inner\">\r\n	<l1 class=\"disabled\">Lying down</li>\r\n	<li class=\"list-group-inner\">Jatara parivrittasana </li>\r\n	<li class=\"list-group-inner\">Supta padangustasana. Step 1, 2 & 3</li>\r\n	<li class=\"list-group-inner\">Akarana dhanurasana. Step1 & 2 </li>\r\n	</ul>\r\n</ul>\r\n<ul class=\"list-group\">\r\n    <li class=\"list-group-item disabled\">Pranayama</li>\r\n  <li class=\"list-group-item\">Kapalbhati</li>\r\n  <li class=\"list-group-item\">Bhastrika Pranayama</li>\r\n  <li class=\"list-group-item\">Surya bhedhana pranayama</li>\r\n  <li class=\"list-group-item\">Nadi shodhana pranayama</li>\r\n  <li class=\"list-group-item\">Bhramari pranayama</li>\r\n  <li class=\"list-group-item text-info\"><i>Involves the theoretical study of each of the above &amp; practice sequence too that can be followed for upto 18 months.</i></li>\r\n</ul>\r\n<ul class=\"list-group\">\r\n    <li class=\"list-group-item disabled\">Meditation</li>\r\n  <li class=\"list-group-item\">There will regularly be short sessions of meditation (around 15-30 minutes per session).</li>\r\n  </ul>\r\n  <ul class=\"list-group\">\r\n    <li class=\"list-group-item disabled\">Chanting</li>\r\n  <li class=\"list-group-item\">Yoga shloka</li>\r\n  <li class=\"list-group-item\">Surya Namaskara shloka &amp; 13 mantras</li>\r\n  <li class=\"list-group-item\">Shanti mantra</li>\r\n  <li class=\"list-group-item\">Pranayama shloka</li>\r\n  <li class=\"list-group-item text-info\"><i>The above will be taught to students in person &amp; by the end of the ttc they will be able to chant fluently too so that a part of Sanskrit language, the of all languages stays in them for every.</i></li>\r\n</ul>\r\n<ul class=\"list-group\">\r\n    <li class=\"list-group-item disabled\">Duration and intake</li>\r\n  <li class=\"list-group-item\">Weekday : Every Tuesday , Thursday &amp; Saturday - 2 months</li>\r\n  <li class=\"list-group-item\">Weekends : 3 months</li>\r\n  <li class=\"list-group-item\">A maximum of 10 students/ ttc. Individual attention will be given all the students to bring out the best in them.</li>\r\n </ul>\r\n <ul class=\"list-group\">\r\n    <li class=\"list-group-item disabled\">Pre requisites</li>\r\n  <li class=\"list-group-item\">Students must have prior practice for atleast 3 - 18 months</li>\r\n  <li class=\"list-group-item\">Beginners having the inclination towards in-depth studies &amp; want to enhance their knowledge base can apply too.</li>\r\n</ul>\r\n<ul class=\"list-group\">\r\n    <li class=\"list-group-item disabled\">Presentation and yoga therapy</li>\r\n  <li class=\"list-group-item\">Students are required to prepare a mini Students are required to submit this for review and then present to the class their chosen condition and how to treat it with yoga.</li>\r\n  </ul>\r\n  <ul class=\"list-group\">\r\n    <li class=\"list-group-item disabled\">Kriyas</li>\r\n  <li class=\"list-group-item\"><div class=\"badge_cstom\">Jalaneti</div><div class=\"badge_cstom\">Sutra Neti</div><div class=\"badge_cstom\">Kaphalabati</div><div class=\"badge_cstom\">Trataka</div><div class=\"badge_cstom\">Shankprakshalana</div><div class=\"badge_cstom\">Dhouti</div>\r\n</li>\r\n  </ul>\r\n  <ul class=\"list-group\">\r\n    <li class=\"list-group-item disabled\">Preparatory reading</li>\r\n  <li class=\"list-group-item\">Light on Yoga by B K S Iyengar</li>\r\n  <li class=\"list-group-item\">Yoga: Asanas Pranayama Mudras Kriyas by Vivekananda Kendra Prakashan</li>\r\n  <li class=\"list-group-item\">Raja Yoga by Swami Vivekananda</li>\r\n  <li class=\"list-group-item\">The Forceful Yoga by G. P Bhatt</li>\r\n  <li class=\"list-group-item\">Four Chapters on Freedom by Bihar Yoga</li>\r\n  <li class=\"list-group-item\">Hatha Yoga Pradipika by Swami Muktibodhananda (Bihar Yoga)</li>\r\n  <li class=\"list-group-item\">Asana Pranayama Mudra Bandha by Swami Satyananda Saraswati</li>\r\n  </ul>', 1, NULL, '0000-00-00', 0, '', '2017-03-09 04:18:19', '2017-03-09 05:17:19');
INSERT INTO `product` (`id`, `reference_no`, `menu_text`, `type`, `location`, `class_type`, `duration`, `duration_unit`, `price`, `currency`, `city`, `state`, `country`, `title`, `description`, `uniqueness`, `additional_info`, `pre-requisite`, `itinerary`, `exclusion`, `cancellation`, `max_bookings`, `html_template`, `is_active`, `start_date`, `end_date`, `shared`, `accomodation`, `created_date`, `updated_date`) VALUES
(10, NULL, 'Ashtanga Yoga Level 2', 'Teacher Training Course', '', NULL, 200, 'Hours', '65000', 'INR', NULL, NULL, NULL, 'ASHTANGA YOGA LEVEL 2', '<div id=\"class_detail1\" class=\"modal fade in\" role=\"dialog\" style=\"display: block;\">\r\n<div class=\"modal-dialog modal-lg\">\r\n<div class=\"modal-content\">\r\n<div class=\"modal-header\">\r\n<button type=\"button\" class=\"close\" data-dismiss=\"modal\">x</button>\r\n<h4 class=\"modal-title\">ASHTANGA YOGA LEVEL 2</h4>\r\n</div>\r\n<div class=\"modal-body class-info\">\r\n<div class=\"col-xs-12 about_text\">\r\n<h2 class=\"heading1 colr_h\">ASHTANGA YOGA LEVEL 2</h2>\r\n<h3 class=\"heading2\">Syllabus</h3>\r\n<p><img src=\"assets/images/ashtanga-yoga-level-2.jpg\" class=\"floating_thumbcntr\" alt=\"ASHTANGA YOGA LEVEL 2 image slide\"></p>\r\n<ul class=\"list-group\">\r\n    <li class=\"list-group-item disabled\">Philosophy</li>\r\n  <li class=\"list-group-item\">Important sutras from chapter 1 &amp; 2 of yoga sutras of patanjali.</li>\r\n  <li class=\"list-group-item\">The first chapter of hatha yoga.</li>\r\n  <li class=\"list-group-item\">A brief study on the four streams of yoga. Namely; Raja yoga, karma yoga, Bhakti yoga, Gyana yoga.</li>\r\n</ul>\r\n<ul class=\"list-group\">\r\n    <li class=\"list-group-item disabled\">Anatomy</li>\r\n  <li class=\"list-group-item\">An introduction to anatomy &amp; physiology of human body</li>\r\n  <li class=\"list-group-item\">What not to teach for individuals suffering from different ailments.</li>\r\n</ul>\r\n<ul class=\"list-group\">\r\n  <li class=\"list-group-item disabled\">Asana</li>\r\n  <li class=\"list-group-item\">The beginners level from The light on Yoga &amp; the first few weeks of intermediate level for those who wish to push their limits</li>\r\n  <li class=\"list-group-item\">Curative asanas for individuals suffering from different ailments.</li>\r\n  <ul class=\"list-group-inner\">\r\n<l1 class=\"list-group-inner disabled\">Standing Asana</li>\r\n<li class=\"list-group-inner\">Trikonasana</li>\r\n<li class=\"list-group-inner\">Parivritta trikonasana</li>\r\n<li class=\"list-group-inner\">Parsva konasana</li>\r\n<li class=\"list-group-inner\">Parivritta parsvakonasana</li>\r\n<li class=\"list-group-inner\">Veerabhadrasana I</li>\r\n<li class=\"list-group-inner\">Veerabhadrasana II</li>\r\n<li class=\"list-group-inner\">Veerabhadrasana III</li>\r\n<li class=\"list-group-inner\">Arshachandrasana</li>\r\n<li class=\"list-group-inner\">Parivritta Ardhachandrasana</li>\r\n<li class=\"list-group-inner\">Ardhachandrasana II</li>\r\n<li class=\"list-group-inner\">Prasarita paddoatanasana</li>\r\n<li class=\"list-group-inner\">Prasarita paddoatanasana II</li>\r\n<li class=\"list-group-inner\">Padangushtasana</li>\r\n<li class=\"list-group-inner\">Pada Hastasana</li>\r\n<li class=\"list-group-inner\">Uttanasana</li>\r\n</ul>\r\n<ul class=\"list-group-inner\">\r\n	<l1 class=\"disabled\"> Sitting asana</li>\r\n	<li class=\"list-group-inner\">Janu sirasana</li>\r\n	<li class=\"list-group-inner\">Parivritta Janu sirasana</li>\r\n	<li class=\"list-group-inner\">Ardha baddha padma paschimottanasana</li>\r\n	<li class=\"list-group-inner\">Triangmukaipada paschimottanasana</li>\r\n	<li class=\"list-group-inner\">Paschimottanasana</li>\r\n	<li class=\"list-group-inner\">Parivriita paschimottanasana</li>\r\n	<li class=\"list-group-inner\">Akarana dhanurasana</li>\r\n	<li class=\"list-group-inner\">Koormasana</li>\r\n	</ul>\r\n	<ul class=\"list-group-inner\">\r\n	<l1 class=\"disabled\">Hand balancing</li>\r\n	<li class=\"list-group-inner\">Vashistasana</li>\r\n	<li class=\"list-group-inner\">Bhujapidasana</li>\r\n	<li class=\"list-group-inner\">Ekapada bhujasana</li>\r\n	<li class=\"list-group-inner\">Ashtavakrasana</li>\r\n	<li class=\"list-group-inner\">Dwipada bhujasana</li>\r\n	<li class=\"list-group-inner\">Mayurasana</li>\r\n	<li class=\"list-group-inner\">Padma mayurasana</li>\r\n	<li class=\"list-group-inner\">Bakasana</li>\r\n	</ul>\r\n	<ul class=\"list-group-inner\">\r\n	<l1 class=\"disabled\">Padmasana series</li>\r\n	<li class=\"list-group-inner\">Padmasana</li>\r\n	<li class=\"list-group-inner\">Baddha padmasana</li>\r\n	<li class=\"list-group-inner\">Yoga mudrasana</li>\r\n	<li class=\"list-group-inner\">Simhasana</li>\r\n	</ul>\r\n	<ul class=\"list-group-inner\">\r\n	<l1 class=\"disabled\">Backward bends</li>\r\n	<li class=\"list-group-inner\">Bhujhangasana</li>\r\n	<li class=\"list-group-inner\">Shalabasana</li>\r\n	<li class=\"list-group-inner\">Mandukasana</li>\r\n	<li class=\"list-group-inner\">Ustrasana </li>\r\n	<li class=\"list-group-inner\">Dhanurasana</li>\r\n	<li class=\"list-group-inner\">Parsva dhanurasana</li>\r\n	</ul>\r\n	<ul class=\"list-group-inner\">\r\n	<l1 class=\"disabled\">Sitting</li>\r\n	<li class=\"list-group-inner\">Ardha navasana</li>\r\n	<li class=\"list-group-inner\">Paripoorna navasana</li>\r\n	<li class=\"list-group-inner\">Ubhaya padnagustasana I</li>\r\n	</ul>\r\n	 <ul class=\"list-group-inner\">\r\n	<l1 class=\"disabled\">Sarvangasana</li>\r\n	<li class=\"list-group-inner\">Salamba sarvangasana 1</li>\r\n	<li class=\"list-group-inner\">Salamba sarvangasana 2</li>\r\n	<li class=\"list-group-inner\">Salamba sarvangasana 3</li>\r\n	<li class=\"list-group-inner\">Salamba sarvangasana 4</li>\r\n	<li class=\"list-group-inner\">Ekapada sarvangasana</li>\r\n	<li class=\"list-group-inner\">Parsvaikapada sarvangasana</li>\r\n	<li class=\"list-group-inner\">Halasana</li>\r\n	<li class=\"list-group-inner\">Parsva halasana</li>\r\n	<li class=\"list-group-inner\">Karna pidasana</li>\r\n	<li class=\"list-group-inner\">Supta konasana</li>\r\n	</ul>\r\n	 <ul class=\"list-group-inner\">\r\n	<l1 class=\"disabled\">Sirasana</li>\r\n	<li class=\"list-group-inner\">Salamba sirasana 1</li>\r\n	<li class=\"list-group-inner\">Salamba sirasana 2</li>\r\n	<li class=\"list-group-inner\">Salamba sirasana 3</li>\r\n	<li class=\"list-group-inner\">Salamba sirasana 4</li>\r\n	<li class=\"list-group-inner\">Salamba sirasana 5</li>\r\n	<li class=\"list-group-inner\">Ekapada sirasana </li>\r\n	<li class=\"list-group-inner\">Parsva sirasana</li>\r\n	<li class=\"list-group-inner\">Parsvaikapada sirasana</li>\r\n	</ul>\r\n	<ul class=\"list-group-inner\">\r\n	<l1 class=\"disabled\">Twisting</li>\r\n	<li class=\"list-group-inner\">Marichyasana 1</li>\r\n	<li class=\"list-group-inner\">Marichyasana 2</li>\r\n	<li class=\"list-group-inner\">Ardha matsyendrasana 1</li>\r\n	<li class=\"list-group-inner\">Ardha matsyendrasana 2</li></ul>\r\n	<ul class=\"list-group-inner\">\r\n	<l1 class=\"disabled\">Lying down</li>\r\n	<li class=\"list-group-inner\">Jatara parivrittasana </li>\r\n	<li class=\"list-group-inner\">Supta padangustasana. Step 1, 2 & 3</li>\r\n	<li class=\"list-group-inner\">Akarana dhanurasana. Step1 & 2 </li>\r\n	</ul>\r\n</ul>\r\n<ul class=\"list-group\">\r\n    <li class=\"list-group-item disabled\">Pranayama</li>\r\n  <li class=\"list-group-item\">Kapalbhati</li>\r\n  <li class=\"list-group-item\">Bhastrika Pranayama</li>\r\n  <li class=\"list-group-item\">Surya bhedhana pranayama</li>\r\n  <li class=\"list-group-item\">Nadi shodhana pranayama</li>\r\n  <li class=\"list-group-item\">Bhramari pranayama</li>\r\n  <li class=\"list-group-item text-info\"><i>Involves the theoretical study of each of the above &amp; practice sequence too that can be followed for upto 18 months.</i></li>\r\n</ul>\r\n<ul class=\"list-group\">\r\n    <li class=\"list-group-item disabled\">Meditation</li>\r\n  <li class=\"list-group-item\">There will regularly be short sessions of meditation (around 15-30 minutes per session).</li>\r\n  </ul>\r\n  <ul class=\"list-group\">\r\n    <li class=\"list-group-item disabled\">Chanting</li>\r\n  <li class=\"list-group-item\">Yoga shloka</li>\r\n  <li class=\"list-group-item\">Surya Namaskara shloka &amp; 13 mantras</li>\r\n  <li class=\"list-group-item\">Shanti mantra</li>\r\n  <li class=\"list-group-item\">Pranayama shloka</li>\r\n  <li class=\"list-group-item text-info\"><i>The above will be taught to students in person &amp; by the end of the ttc they will be able to chant fluently too so that a part of Sanskrit language, the of all languages stays in them for every.</i></li>\r\n</ul>\r\n<ul class=\"list-group\">\r\n    <li class=\"list-group-item disabled\">Duration and intake</li>\r\n  <li class=\"list-group-item\">Weekday : Every Tuesday , Thursday &amp; Saturday - 2 months</li>\r\n  <li class=\"list-group-item\">Weekends : 3 months</li>\r\n  <li class=\"list-group-item\">A maximum of 10 students/ ttc. Individual attention will be given all the students to bring out the best in them.</li>\r\n </ul>\r\n <ul class=\"list-group\">\r\n    <li class=\"list-group-item disabled\">Pre requisites</li>\r\n  <li class=\"list-group-item\">Students must have prior practice for atleast 3 - 18 months</li>\r\n  <li class=\"list-group-item\">Beginners having the inclination towards in-depth studies &amp; want to enhance their knowledge base can apply too.</li>\r\n</ul>\r\n<ul class=\"list-group\">\r\n    <li class=\"list-group-item disabled\">Presentation and yoga therapy</li>\r\n  <li class=\"list-group-item\">Students are required to prepare a mini Students are required to submit this for review and then present to the class their chosen condition and how to treat it with yoga.</li>\r\n  </ul>\r\n  <ul class=\"list-group\">\r\n    <li class=\"list-group-item disabled\">Kriyas</li>\r\n  <li class=\"list-group-item\"><div class=\"badge_cstom\">Jalaneti</div><div class=\"badge_cstom\">Sutra Neti</div><div class=\"badge_cstom\">Kaphalabati</div><div class=\"badge_cstom\">Trataka</div><div class=\"badge_cstom\">Shankprakshalana</div><div class=\"badge_cstom\">Dhouti</div>\r\n</li>\r\n  </ul>\r\n  <ul class=\"list-group\">\r\n    <li class=\"list-group-item disabled\">Preparatory reading</li>\r\n  <li class=\"list-group-item\">Light on Yoga by B K S Iyengar</li>\r\n  <li class=\"list-group-item\">Yoga: Asanas Pranayama Mudras Kriyas by Vivekananda Kendra Prakashan</li>\r\n  <li class=\"list-group-item\">Raja Yoga by Swami Vivekananda</li>\r\n  <li class=\"list-group-item\">The Forceful Yoga by G. P Bhatt</li>\r\n  <li class=\"list-group-item\">Four Chapters on Freedom by Bihar Yoga</li>\r\n  <li class=\"list-group-item\">Hatha Yoga Pradipika by Swami Muktibodhananda (Bihar Yoga)</li>\r\n  <li class=\"list-group-item\">Asana Pranayama Mudra Bandha by Swami Satyananda Saraswati</li>\r\n  </ul>\r\n</div>\r\n</div>\r\n<div class=\"modal-footer text-center\">\r\n<!--<a type=\"button\" class=\"btn btn-primary btn-lg\" href=\"buy_now.php?pid=1\">Buy Now</a>-->\r\n</div>\r\n</div>\r\n</div>\r\n</div>', '', '', '', '', '', '', 10, '<ul class=\"list-group\">\r\n    <li class=\"list-group-item disabled\">Philosophy</li>\r\n  <li class=\"list-group-item\">In-depth study of all the sutras from chapter 1 &amp; 2 of yoga sutras of patanjali. And selected sutras from chapter 3</li>\r\n  <li class=\"list-group-item\">The 1st &amp; 2nd chapter of hatha yoga.</li>\r\n  <li class=\"list-group-item\">A study of interrelation of Bhagavad gita &amp; yoga sutras.</li>\r\n  <li class=\"list-group-item\">A brief study of the cultural &amp; spiritual heritage of India</li>\r\n  <li class=\"list-group-item\">A detaileds study on the four streams of yoga. Namely; Raja yoga, karma yoga, Bhakti yoga, Gyana yoga</li>\r\n</ul>\r\n<ul class=\"list-group\">\r\n    <li class=\"list-group-item disabled\">Anatomy</li>\r\n  <li class=\"list-group-item\">An introduction to anatomy &amp; physiology of human body.</li>\r\n  <li class=\"list-group-item\">Detailed study of the yoga therapy with respect to different ailments.</li>\r\n  <li class=\"list-group-item\">What not to teach for individuals suffering from different ailments.</li>\r\n  <li class=\"list-group-item\">Study of yoga for backache , nervous disorders , bone &amp; women\'s health.</li>\r\n</ul>\r\n<ul class=\"list-group\">\r\n    <li class=\"list-group-item disabled\">Asana</li>\r\n  <li class=\"list-group-item\">The beginners &amp; intermediate level from The light on Yoga &amp; the first few weeks of advance level for those who wish to push their limits.</li>\r\n  <li class=\"list-group-item\">The complete study of teaching method for becoming an expert in therapy, including the introduction of \" Yoga for Motherhood \".</li>\r\n  <ul class=\"list-group-inner\">\r\n  <l1 class=\"list-group-inner disabled\">Standing Asana</li>\r\n	<li class=\"list-group-inner\">Trikonasana</li>\r\n	<li class=\"list-group-inner\">Parivritta trikonasana </li>\r\n	<li class=\"list-group-inner\">Parsva konasana </li>\r\n	<li class=\"list-group-inner\">Parivritta parsvakonasana</li>\r\n	<li class=\"list-group-inner\">Veerabhadrasana I</li>\r\n	<li class=\"list-group-inner\">Veerabhadrasana II</li>\r\n	<li class=\"list-group-inner\">Veerabhadrasana III</li>\r\n	<li class=\"list-group-inner\">Arshachandrasana </li>\r\n	<li class=\"list-group-inner\">Parivritta Ardhachandrasana </li>\r\n	<li class=\"list-group-inner\">Ardhachandrasana II</li>\r\n	<li class=\"list-group-inner\">Prasarita paddoatanasana</li>\r\n	<li class=\"list-group-inner\">Prasarita paddoatanasana II</li>\r\n	<li class=\"list-group-inner\">Padangushtasana</li>\r\n	<li class=\"list-group-inner\">Pada Hastasana</li>\r\n	<li class=\"list-group-inner\">Uttanasana</li>\r\n	<li class=\"list-group-inner\">Ardhabaddha padma uttanasana</li>\r\n	<li class=\"list-group-inner\">Garudasana</li>\r\n	<li class=\"list-group-inner\">Vatayasana</li>\r\n	<li class=\"list-group-inner\">Uttitahasta padnagustasana step 1, 2 ,3 </li>\r\n	<li class=\"list-group-inner\">Eka pada uttanasana</li>\r\n	<li class=\"list-group-inner\">Natarajasana</li>\r\n	</ul>\r\n	<ul class=\"list-group-inner\">\r\n	<l1 class=\"disabled\"> Sitting asana</li>\r\n	<li class=\"list-group-inner\">Janu sirasana</li>\r\n	<li class=\"list-group-inner\">Parivritta Janu sirasana</li>\r\n	<li class=\"list-group-inner\">Ardha baddha padma paschimottanasana</li>\r\n	<li class=\"list-group-inner\">Triangmukaipada paschimottanasana</li>\r\n	<li class=\"list-group-inner\">Paschimottanasana</li>\r\n	<li class=\"list-group-inner\">Parivriita paschimottanasana</li>\r\n	<li class=\"list-group-inner\">Akarana dhanurasana</li>\r\n	<li class=\"list-group-inner\">Koormasana</li>\r\n	<li class=\"list-group-inner\">Supta kurmasana</li>\r\n	<li class=\"list-group-inner\">Baddha konasana</li>\r\n	<li class=\"list-group-inner\">Upavista konasana I</li>\r\n	<li class=\"list-group-inner\">Upavista Konasana II</li>\r\n	<li class=\"list-group-inner\">Samatolasana</li>\r\n	</ul>\r\n	<ul class=\"list-group-inner\">\r\n	<l1 class=\"disabled\">Hand balancing</li>\r\n	<li class=\"list-group-inner\">Adhomukha vrksasana</li>\r\n	<li class=\"list-group-inner\">Vishwamitrasana</li>\r\n	<li class=\"list-group-inner\">Vashistasana</li>\r\n	<li class=\"list-group-inner\">Bhujapidasana</li>\r\n	<li class=\"list-group-inner\">Ekapada bhujasana</li>\r\n	<li class=\"list-group-inner\">Ashtavakrasana</li>\r\n	<li class=\"list-group-inner\">Dwipada bhujasana</li>\r\n	<li class=\"list-group-inner\">Tittibasana</li>\r\n	<li class=\"list-group-inner\">Mayurasana</li>\r\n	<li class=\"list-group-inner\">Padma mayurasana</li>\r\n	<li class=\"list-group-inner\">Bakasana</li>\r\n	<li class=\"list-group-inner\">Parsva bakasana</li>\r\n	<li class=\"list-group-inner\">Pincha mayurasana</li>\r\n	<li class=\"list-group-inner\">Sayanasana</li>\r\n	</ul>\r\n	<ul class=\"list-group-inner\">\r\n	<l1 class=\"disabled\">Padmasana series</li>\r\n	<li class=\"list-group-inner\">Padmasana</li>\r\n	<li class=\"list-group-inner\">Baddha padmasana</li>\r\n	<li class=\"list-group-inner\">Yoga mudrasana</li>\r\n	<li class=\"list-group-inner\">Simhasana</li>\r\n	<li class=\"list-group-inner\">Gorakshasana</li>\r\n	<li class=\"list-group-inner\">Garbha pindasana</li>\r\n	<li class=\"list-group-inner\">Matsyasana</li>\r\n	</ul>\r\n	<ul class=\"list-group-inner\">\r\n	<l1 class=\"disabled\">Backward bends</li>\r\n	<li class=\"list-group-inner\">Bhujhangasana</li>\r\n	<li class=\"list-group-inner\">Shalabasana</li>\r\n	<li class=\"list-group-inner\">Mandukasana</li>\r\n	<li class=\"list-group-inner\">Ustrasana</li>\r\n	<li class=\"list-group-inner\">Dhanurasana</li>\r\n	<li class=\"list-group-inner\">Parsva dhanurasana</li>\r\n	<li class=\"list-group-inner\">Purna dhanurasana</li>\r\n	<li class=\"list-group-inner\">Urdhva dhanurasana</li>\r\n	</ul>\r\n	<ul class=\"list-group-inner\">\r\n	<l1 class=\"disabled\">Sitting</li>\r\n	<li class=\"list-group-inner\">Ardha navasana</li>\r\n	<li class=\"list-group-inner\">Paripoorna navasana</li>\r\n	<li class=\"list-group-inner\">Ubhaya padnagustasana I</li>\r\n	<li class=\"list-group-inner\">Ubhaya padnagustasana II</li>\r\n	<li class=\"list-group-inner\">Upavista Konasana II</li>\r\n	</ul>\r\n	 <ul class=\"list-group-inner\">\r\n	<l1 class=\"disabled\">Sarvangasana</li>\r\n	<li class=\"list-group-inner\">Salamba sarvangasana 1</li>\r\n	<li class=\"list-group-inner\">Salamba sarvangasana 2</li>\r\n	<li class=\"list-group-inner\">Salamba sarvangasana 3</li>\r\n	<li class=\"list-group-inner\">Salamba sarvangasana 4</li>\r\n	<li class=\"list-group-inner\">Ekapada sarvangasana</li>\r\n	<li class=\"list-group-inner\">Parsvaikapada sarvangasana</li>\r\n	<li class=\"list-group-inner\">Halasana</li>\r\n	<li class=\"list-group-inner\">Parsva halasana</li>\r\n	<li class=\"list-group-inner\">Karna pidasana</li>\r\n	<li class=\"list-group-inner\">Supta konasana</li>\r\n	<li class=\"list-group-inner\">Setubandha sarvangasana</li>\r\n	<li class=\"list-group-inner\">Ekapada setubandha sarvangasana</li>\r\n	<li class=\"list-group-inner\">Urdhva padmasana in sarvangasana</li>\r\n	<li class=\"list-group-inner\">Parsva Urdhva padmasana in sarvangasana</li>\r\n	<li class=\"list-group-inner\">Pindasana in sarvangasana</li>\r\n	<li class=\"list-group-inner\">Parsva pindasana in sarvangasana</li>\r\n	</ul>\r\n	 <ul class=\"list-group-inner\">\r\n	<l1 class=\"disabled\">Sirasana</li>\r\n	<li class=\"list-group-inner\">Salamba sirasana 1</li>\r\n	<li class=\"list-group-inner\">Salamba sirasana 2</li>\r\n	<li class=\"list-group-inner\">Salamba sirasana 3</li>\r\n	<li class=\"list-group-inner\">Salamba sirasana 4</li>\r\n	<li class=\"list-group-inner\">Salamba sirasana 5</li>\r\n	<li class=\"list-group-inner\">Ekapada sirasana</li>\r\n	<li class=\"list-group-inner\">Parsva sirasana</li>\r\n	<li class=\"list-group-inner\">Parsvaikapada sirasana</li>\r\n	<li class=\"list-group-inner\">Parivritta Parsvaikapada sirasana</li>\r\n	<li class=\"list-group-inner\">Urdhva padmasana in sirasana</li>\r\n	<li class=\"list-group-inner\">Parsva urdhva padmasana in sirasana</li>\r\n	<li class=\"list-group-inner\">Ekapada koundalyasana</li>\r\n	<li class=\"list-group-inner\">Kukkutasana from Sirasana</li>\r\n	</ul>\r\n	<ul class=\"list-group-inner\">\r\n	<l1 class=\"disabled\">Twisting</li>\r\n	<li class=\"list-group-inner\">Marichyasana 1</li>\r\n	<li class=\"list-group-inner\">Marichyasana 2</li>\r\n	<li class=\"list-group-inner\">Marichyasana 3</li>\r\n	<li class=\"list-group-inner\">Marichyasana 4</li>\r\n	<li class=\"list-group-inner\">Ardha matsyendrasana 1</li>\r\n	<li class=\"list-group-inner\">Ardha matsyendrasana 2</li>\r\n	<li class=\"list-group-inner\">Paripoorna matsyendrasana</li>\r\n	<li class=\"list-group-inner\">Bharadavajasana 1</li>\r\n	<li class=\"list-group-inner\">Bharadavajasana 2</li>\r\n	<li class=\"list-group-inner\">Pasasana</li>\r\n	</ul>\r\n	<ul class=\"list-group-inner\">\r\n	<l1 class=\"disabled\">Lying down</li>\r\n	<li class=\"list-group-inner\">Jatara parivrittasana</li>\r\n	<li class=\"list-group-inner\">Supta padangustasana. Step 1, 2 & 3</li>\r\n	<li class=\"list-group-inner\">Akarana dhanurasana. Step1 & 2</li>\r\n	</ul>\r\n</ul>\r\n<ul class=\"list-group\">\r\n	<li class=\"list-group-item disabled\">Pranayama</li>\r\n  <li class=\"list-group-item\">Kapalbhati</li>\r\n  <li class=\"list-group-item\">Bhastrika Pranayama</li>\r\n  <li class=\"list-group-item\">Surya bhedhana pranayama</li>\r\n  <li class=\"list-group-item\">Nadi shodhana pranayama</li>\r\n  <li class=\"list-group-item\">Bhramari pranayama</li>\r\n  <li class=\"list-group-item text-info\"><i>In depth study of all the above pranayama Involves the theoretical study of each of the above &amp; practice sequence too that can be followed for upto 18 months .</i></li>\r\n  <li class=\"list-group-item text-info\"><i>Complete study of chapter 2 of hatha yoga pradapika &amp; study from \"light on pranayama\" , By B.K.S. Iyenagar</i></li>\r\n</ul>\r\n<ul class=\"list-group\">\r\n  <li class=\"list-group-item disabled\">Meditation</li>\r\n  <li class=\"list-group-item\">There will regularly be short sessions of meditation (around 30-45minutes per session).</li>\r\n  </ul>\r\n  <ul class=\"list-group\">\r\n  <li class=\"list-group-item disabled\">Chanting</li>\r\n  <li class=\"list-group-item\">Yoga shloka</li>\r\n  <li class=\"list-group-item\">Surya Namaskara shloka &amp; 13 mantras</li>\r\n  <li class=\"list-group-item\">Shanti mantra</li>\r\n  <li class=\"list-group-item\">Pranayama shloka</li>\r\n  <li class=\"list-group-item text-info\"><i>The above will be taught to students in person &amp; by the end of the ttc they will be able to chant fluently too so that a part of Sanskrit language, the of all languages stays in them for every.</i></li>\r\n</ul>\r\n<ul class=\"list-group\">\r\n    <li class=\"list-group-item disabled\">Duration and intake</li>\r\n  <li class=\"list-group-item\">Weekday : Every Tuesday , Thursday &amp; Saturday - 2 months</li>\r\n  <li class=\"list-group-item\">Weekends : 3 months</li>\r\n  <li class=\"list-group-item\">A maximum of 10 students/ttc. Individual attention will be given all the students to bring out the best in them.</li>\r\n </ul>\r\n <ul class=\"list-group\">\r\n    <li class=\"list-group-item disabled\">Pre requisites</li>\r\n  <li class=\"list-group-item\">Must have completed the first level of Ashtanga yoga.</li>\r\n</ul>\r\n<ul class=\"list-group\">\r\n    <li class=\"list-group-item disabled\">Presentation and yoga therapy</li>\r\n  <li class=\"list-group-item\">Students are required to prepare a mini Students are required to submit this for review and then present to the class their chosen condition and how to treat it with yoga.</li>\r\n  </ul>\r\n  <ul class=\"list-group\">\r\n    <li class=\"list-group-item disabled\">Kriyas</li>\r\n  <li class=\"list-group-item\"><div class=\"badge_cstom\">Jalaneti</div><div class=\"badge_cstom\">Sutra Neti</div><div class=\"badge_cstom\">Kaphalabati</div><div class=\"badge_cstom\">Trataka</div><div class=\"badge_cstom\">Shankprakshalana</div><div class=\"badge_cstom\">Dhouti</div>\r\n</li>\r\n<li class=\"list-group-item text-info\"><i>In addition to learning the technique, students will have the opportunity to gain personal experience in performing these kriyas during the course.</i></li>\r\n  </ul>\r\n  <ul class=\"list-group\">\r\n    <li class=\"list-group-item disabled\">Preparatory reading</li>\r\n  <li class=\"list-group-item\">Light on Yoga by B K S Iyengar</li>\r\n  <li class=\"list-group-item\">Yoga: Asanas Pranayama Mudras Kriyas by Vivekananda Kendra Prakashan</li>\r\n  <li class=\"list-group-item\">Hatha Yoga Pradipika by Swami Muktibodhananda (Bihar Yoga)</li>\r\n  <li class=\"list-group-item\">Asana Pranayama Mudra Bandha by Swami Satyananda Saraswati</li>\r\n  <li class=\"list-group-item\">Light on Pranayama, B.K.S.Iyengar</li>\r\n  </ul>', 1, NULL, '0000-00-00', 0, '', '2017-03-09 04:18:19', '2017-03-09 05:17:19'),
(11, NULL, 'Hatha Yoga', 'Teacher Training Course', '', NULL, 200, 'Hours', '65000', 'INR', NULL, NULL, NULL, 'HATHA YOGA', '<div id=\"class_detail1\" class=\"modal fade in\" role=\"dialog\" style=\"display: block;\">\n<div class=\"modal-dialog modal-lg\">\n<div class=\"modal-content\">\n<div class=\"modal-header\">\n<button type=\"button\" class=\"close\" data-dismiss=\"modal\">x</button>\n<h4 class=\"modal-title\">HATHA YOGA</h4>\n</div>\n<div class=\"modal-body class-info\">\n<div class=\"col-xs-12 about_text\">\n<h2 class=\"heading1 colr_h\">HATHA YOGA</h2>\n<h3 class=\"heading2\">Syllabus</h3>\n<p><img src=\"assets/images/hatha-yoga.jpg\" class=\"floating_thumbcntr\" alt=\"HATHA YOGA image slide\"></p>\n<ul class=\"list-group\">\n    <li class=\"list-group-item disabled\">Philosophy</li>\n  <li class=\"list-group-item\">The complete study of 1st &amp; 2nd chapter of hatha yoga Pradipika</li>\n  <li class=\"list-group-item\">Introduction to mudras &amp; Bhadhas as discussed in Hatha yoga pradipika</li>\n  <li class=\"list-group-item\">A study of interrelation of Bhagavad gita &amp; yoga sutras.</li>\n  <li class=\"list-group-item\">Study of Hatha ratnavali &amp; Gheranda Samhita</li>\n  </ul>\n  <div class=\"bg-info text-left pd10 mrgnbtm20\"><strong>Shatkarma</strong><i> ( The six main cleansing techniques)</i></div>\n<ul class=\"list-group\">\n    <li class=\"list-group-item disabled\">Kriyas</li>\n  <li class=\"list-group-item\"><div class=\"badge_cstom\">Jalaneti</div><div class=\"badge_cstom\">Sutra Neti</div><div class=\"badge_cstom\">Kaphalabati</div><div class=\"badge_cstom\">Trataka</div><div class=\"badge_cstom\">Shankprakshalana</div><div class=\"badge_cstom\">Dhouti</div>\n</li>\n<li class=\"list-group-item text-info\"><i>In addition to learning the technique, students will have the opportunity to gain personal experience in performing these kriyas during the course.</i></li>\n  </ul>\n<ul class=\"list-group\">\n    <li class=\"list-group-item disabled\">Anatomy</li>\n  <li class=\"list-group-item\">An introduction to anatomy &amp; physiology of human body.</li>\n  <li class=\"list-group-item\">Detailed study of the yoga therapy with respect to different ailments.</li>\n  <li class=\"list-group-item\">What not to teach for individuals suffering from different ailments.</li>\n</ul>\n<ul class=\"list-group\">\n    <li class=\"list-group-item disabled\">Asana</li>\n  <li class=\"list-group-item\">The beginners &amp; intermediate level from The light on Yoga &amp; the first few weeks of advance level for those who wish to push their limits.</li>\n  <li class=\"list-group-item\">Asanas as described in the Hatha yoga texts.</li>\n  <li class=\"list-group-item\">Sequencing of asanas as described in Hatha yoga.</li>\n</ul>\n<ul class=\"list-group\">\n    <li class=\"list-group-item disabled\">Pranayama</li>\n  <li class=\"list-group-item\">Kapalbhati</li>\n  <li class=\"list-group-item\">Bhastrika Pranayama</li>\n  <li class=\"list-group-item\">Surya bhedhana pranayama</li>\n  <li class=\"list-group-item\">Nadi shodhana pranayama</li>\n  <li class=\"list-group-item\">Bhramari pranayama</li>\n  <li class=\"list-group-item text-info\"><i>In depth study of all the above pranayama Involves the theoretical study of each of the above &amp; practice sequence too that can be followed for upto 18 months .</i></li>\n  <li class=\"list-group-item text-info\"><i>Complete study of chapter 2 of hatha yoga pradapika &amp; study from \"light on pranayama\" , By B.K.S. Iyenagar</i></li>\n</ul>\n<ul class=\"list-group\">\n    <li class=\"list-group-item disabled\">Meditation</li>\n  <li class=\"list-group-item\">There will regularly be short sessions of meditation (around 30-45minutes per session).</li>\n  </ul>\n  <ul class=\"list-group\">\n    <li class=\"list-group-item disabled\">Chanting</li>\n  <li class=\"list-group-item\">Yoga shloka</li>\n  <li class=\"list-group-item\">Surya Namaskara shloka &amp; 13 mantras</li>\n  <li class=\"list-group-item\">Shanti mantra</li>\n  <li class=\"list-group-item\">Pranayama shloka</li>\n  <li class=\"list-group-item text-info\"><i>The above will be taught to students in person &amp; by the end of the ttc they will be able to chant fluently too so that a part of Sanskrit language, the of all languages stays in them for every.</i></li>\n</ul>\n<ul class=\"list-group\">\n    <li class=\"list-group-item disabled\">Duration and intake</li>\n  <li class=\"list-group-item\">Weekday : Every Tuesday , Thursday &amp; Saturday - 2 months</li>\n  <li class=\"list-group-item\">Weekends : 3 months</li>\n  <li class=\"list-group-item\">A maximum of 10 students/ttc. Individual attention will be given all the students to bring out the best in them.</li>\n </ul>\n <ul class=\"list-group\">\n    <li class=\"list-group-item disabled\">Pre requisites</li>\n  <li class=\"list-group-item\">All are welcome</li>\n</ul>\n<ul class=\"list-group\">\n    <li class=\"list-group-item disabled\">Presentation and yoga therapy</li>\n  <li class=\"list-group-item\">Students are required to prepare a mini Students are required to submit this for review and then present to the class their chosen condition and how to treat it with yoga.</li>\n  </ul>\n  \n  <ul class=\"list-group\">\n    <li class=\"list-group-item disabled\">Preparatory reading</li>\n  <li class=\"list-group-item\">Light on Yoga by B K S Iyengar</li>\n  <li class=\"list-group-item\">Yoga: Asanas Pranayama Mudras Kriyas by Vivekananda Kendra Prakashan</li>\n  <li class=\"list-group-item\">Hatha Yoga Pradipika by Swami Muktibodhananda (Bihar Yoga)</li>\n  <li class=\"list-group-item\">Asana Pranayama Mudra Bandha by Swami Satyananda Saraswati</li>\n  <li class=\"list-group-item\">Light on Pranayama , B.K.S.Iyengar</li>\n  </ul>\n</div>\n</div>\n<div class=\"modal-footer text-center\">\n<a type=\"button\" class=\"btn btn-primary btn-lg\" href=\"buy_now.php?pid=1\">Buy Now</a>\n</div>\n</div>\n</div>\n</div>\n', '', '', '', '', '', '', 10, '<ul class=\"list-group\">\r\n    <li class=\"list-group-item disabled\">Philosophy</li>\r\n  <li class=\"list-group-item\">The complete study of 1st &amp; 2nd chapter of hatha yoga Pradipika</li>\r\n  <li class=\"list-group-item\">Introduction to mudras &amp; Bhadhas as discussed in Hatha yoga pradipika</li>\r\n  <li class=\"list-group-item\">A study of interrelation of Bhagavad gita &amp; yoga sutras.</li>\r\n  <li class=\"list-group-item\">Study of Hatha ratnavali &amp; Gheranda Samhita</li>\r\n  </ul>\r\n  <div class=\"bg-info text-left pd10 mrgnbtm20\"><strong>Shatkarma</strong><i> ( The six main cleansing techniques)</i></div>\r\n<ul class=\"list-group\">\r\n    <li class=\"list-group-item disabled\">Kriyas</li>\r\n  <li class=\"list-group-item\"><div class=\"badge_cstom\">Jalaneti</div><div class=\"badge_cstom\">Sutra Neti</div><div class=\"badge_cstom\">Kaphalabati</div><div class=\"badge_cstom\">Trataka</div><div class=\"badge_cstom\">Shankprakshalana</div><div class=\"badge_cstom\">Dhouti</div>\r\n</li>\r\n<li class=\"list-group-item text-info\"><i>In addition to learning the technique, students will have the opportunity to gain personal experience in performing these kriyas during the course.</i></li>\r\n  </ul>\r\n<ul class=\"list-group\">\r\n    <li class=\"list-group-item disabled\">Anatomy</li>\r\n  <li class=\"list-group-item\">An introduction to anatomy &amp; physiology of human body.</li>\r\n  <li class=\"list-group-item\">Detailed study of the yoga therapy with respect to different ailments.</li>\r\n  <li class=\"list-group-item\">What not to teach for individuals suffering from different ailments.</li>\r\n</ul>\r\n<ul class=\"list-group\">\r\n    <li class=\"list-group-item disabled\">Asana</li>\r\n  <li class=\"list-group-item\">The beginners &amp; intermediate level from The light on Yoga &amp; the first few weeks of advance level for those who wish to push their limits.</li>\r\n  <li class=\"list-group-item\">Asanas as described in the Hatha yoga texts.</li>\r\n  <li class=\"list-group-item\">Sequencing of asanas as described in Hatha yoga.</li>\r\n</ul>\r\n<ul class=\"list-group\">\r\n    <li class=\"list-group-item disabled\">Pranayama</li>\r\n  <li class=\"list-group-item\">Kapalbhati</li>\r\n  <li class=\"list-group-item\">Bhastrika Pranayama</li>\r\n  <li class=\"list-group-item\">Surya bhedhana pranayama</li>\r\n  <li class=\"list-group-item\">Nadi shodhana pranayama</li>\r\n  <li class=\"list-group-item\">Bhramari pranayama</li>\r\n  <li class=\"list-group-item text-info\"><i>In depth study of all the above pranayama Involves the theoretical study of each of the above &amp; practice sequence too that can be followed for upto 18 months .</i></li>\r\n  <li class=\"list-group-item text-info\"><i>Complete study of chapter 2 of hatha yoga pradapika &amp; study from \"light on pranayama\" , By B.K.S. Iyenagar</i></li>\r\n</ul>\r\n<ul class=\"list-group\">\r\n    <li class=\"list-group-item disabled\">Meditation</li>\r\n  <li class=\"list-group-item\">There will regularly be short sessions of meditation (around 30-45minutes per session).</li>\r\n  </ul>\r\n  <ul class=\"list-group\">\r\n    <li class=\"list-group-item disabled\">Chanting</li>\r\n  <li class=\"list-group-item\">Yoga shloka</li>\r\n  <li class=\"list-group-item\">Surya Namaskara shloka &amp; 13 mantras</li>\r\n  <li class=\"list-group-item\">Shanti mantra</li>\r\n  <li class=\"list-group-item\">Pranayama shloka</li>\r\n  <li class=\"list-group-item text-info\"><i>The above will be taught to students in person &amp; by the end of the ttc they will be able to chant fluently too so that a part of Sanskrit language, the of all languages stays in them for every.</i></li>\r\n</ul>\r\n<ul class=\"list-group\">\r\n    <li class=\"list-group-item disabled\">Duration and intake</li>\r\n  <li class=\"list-group-item\">Weekday : Every Tuesday , Thursday &amp; Saturday - 2 months</li>\r\n  <li class=\"list-group-item\">Weekends : 3 months</li>\r\n  <li class=\"list-group-item\">A maximum of 10 students/ttc. Individual attention will be given all the students to bring out the best in them.</li>\r\n </ul>\r\n <ul class=\"list-group\">\r\n    <li class=\"list-group-item disabled\">Pre requisites</li>\r\n  <li class=\"list-group-item\">All are welcome</li>\r\n</ul>\r\n<ul class=\"list-group\">\r\n    <li class=\"list-group-item disabled\">Presentation and yoga therapy</li>\r\n  <li class=\"list-group-item\">Students are required to prepare a mini Students are required to submit this for review and then present to the class their chosen condition and how to treat it with yoga.</li>\r\n  </ul>\r\n  \r\n  <ul class=\"list-group\">\r\n    <li class=\"list-group-item disabled\">Preparatory reading</li>\r\n  <li class=\"list-group-item\">Light on Yoga by B K S Iyengar</li>\r\n  <li class=\"list-group-item\">Yoga: Asanas Pranayama Mudras Kriyas by Vivekananda Kendra Prakashan</li>\r\n  <li class=\"list-group-item\">Hatha Yoga Pradipika by Swami Muktibodhananda (Bihar Yoga)</li>\r\n  <li class=\"list-group-item\">Asana Pranayama Mudra Bandha by Swami Satyananda Saraswati</li>\r\n  <li class=\"list-group-item\">Light on Pranayama , B.K.S.Iyengar</li>\r\n  </ul>', 1, NULL, '0000-00-00', 0, '', '2017-03-09 04:18:19', '2017-03-09 05:17:19'),
(12, NULL, 'Yoga Therapy', 'Teacher Training Course', '', NULL, 200, 'Hours', '85000', 'INR', NULL, NULL, NULL, 'YOGA THERAPY', '<div id=\"class_detail1\" class=\"modal fade in\" role=\"dialog\" style=\"display: block;\">\n<div class=\"modal-dialog modal-lg\">\n<div class=\"modal-content\">\n<div class=\"modal-header\">\n<button type=\"button\" class=\"close\" data-dismiss=\"modal\">x</button>\n<h4 class=\"modal-title\">YOGA THERPY</h4>\n</div>\n<div class=\"modal-body class-info\">\n<div class=\"col-xs-12 about_text\">\n<h2 class=\"heading1 colr_h\">YOGA THERPY</h2>\n<h3 class=\"heading2\">Syllabus</h3>\n<p><img src=\"assets/images/yoga-therapy.jpg\" class=\"floating_thumbcntr\" alt=\"YOGA THERPY\"></p>\n<ul class=\"list-group\">\n    <li class=\"list-group-item disabled\">Philosophy</li>\n  <li class=\"list-group-item\">Relating the philosophy with its therapeutic insight to every day life of individuals &amp; understanding the root cause of the ailmemts.</li>\n  </ul>\n  <ul class=\"list-group\">\n    <li class=\"list-group-item disabled\">Anatomy</li>\n  <li class=\"list-group-item\">A detailed, in-depth study into the anatomy &amp; physiology of human body.</li>\n  <li class=\"list-group-item\">Detailed study of the yoga therapy with respect to different ailments.</li>\n  <li class=\"list-group-item\">What not to teach for individuals suffering from different ailments.</li>\n  <li class=\"list-group-item\">Study of yoga for backache, nervous disorders, digestive disorders, arthritis &amp; women\'s health.</li>\n  </ul>\n<ul class=\"list-group\">\n    <li class=\"list-group-item disabled\">Asana</li>\n  <li class=\"list-group-item\">Study &amp; practice of asanas for treating different ailments</li>\n  <li class=\"list-group-item\">How to teach with the help of props(Guruji\'s technique).</li>\n  <li class=\"list-group-item\">Sequences for all the different disabilities &amp; how to help one to overcome them.</li>\n</ul>\n<ul class=\"list-group\">\n    <li class=\"list-group-item disabled\">Physiology</li>\n  <li class=\"list-group-item\">A brief study of the physiology of the human mind to help them move towards higher consciousness.</li>\n  <li class=\"list-group-item\">Practice of different meditational techniques to overcome one\'s own inhibitions &amp; help them to achieve unaltered happiness.</li>\n</ul>\n<ul class=\"list-group\">\n    <li class=\"list-group-item disabled\">Pranayama</li>\n  <li class=\"list-group-item\">Kapalbhati</li>\n  <li class=\"list-group-item\">Bhastrika Pranayama</li>\n  <li class=\"list-group-item\">Surya bhedhana pranayama</li>\n  <li class=\"list-group-item\">Nadi shodhana pranayama</li>\n  <li class=\"list-group-item\">Bhramari pranayama</li>\n  <li class=\"list-group-item text-info\"><i>In depth study of all the above pranayama Involves the theoretical study of each of the above &amp; practice sequence too that can be followed for upto 18 months .</i></li>\n  <li class=\"list-group-item text-info\"><i>Complete study of chapter 2 of hatha yoga pradapika &amp; study from \"light on pranayama\" , By B.K.S. Iyenagar</i></li>\n</ul>\n<ul class=\"list-group\">\n    <li class=\"list-group-item disabled\">Chanting</li>\n  <li class=\"list-group-item\">Yoga shloka</li>\n  <li class=\"list-group-item\">Surya Namaskara shloka &amp; 13 mantras</li>\n  <li class=\"list-group-item\">Shanti mantra</li>\n  <li class=\"list-group-item\">Pranayama shloka</li>\n  <li class=\"list-group-item text-info\"><i>The above will be taught to students in person &amp; by the end of the ttc they will be able to chant fluently too so that a part of Sanskrit language, the of all languages stays in them for every.</i></li>\n</ul>\n<ul class=\"list-group\">\n    <li class=\"list-group-item disabled\">Shatkarma (cleansing techniques )</li>\n  <li class=\"list-group-item\">Jala neti</li>\n  <li class=\"list-group-item\">Sutra neti</li>\n  <li class=\"list-group-item\">Shankapakshalana</li>\n  <li class=\"list-group-item\">Vamana dhouti</li>\n  </ul>\n  \n<ul class=\"list-group\">\n    <li class=\"list-group-item disabled\">Duration and intake</li>\n  <li class=\"list-group-item\">Weekday : Every Tuesday , Thursday &amp; Saturday - 2 months</li>\n  <li class=\"list-group-item\">Weekends : 3 months</li>\n  <li class=\"list-group-item\">A maximum of 10 students/ttc. Individual attention will be given all the students to bring out the best in them.</li>\n </ul>\n <ul class=\"list-group\">\n    <li class=\"list-group-item disabled\">Pre requisites</li>\n  <li class=\"list-group-item\">Must have completed the first level of Ashtanga yoga/ Hatha yoga</li>\n</ul>\n<ul class=\"list-group\">\n    <li class=\"list-group-item disabled\">Thesis presentation</li>\n  <li class=\"list-group-item\">At the end of the course students are advised to write a thesis on 3 ailments &amp; present the paper along with pre, post data.</li>\n  <li class=\"list-group-item\">Students are required to present atleast one paper in any one of the medical journal too and they will be assisted for the same.</li>\n  </ul>\n  \n  <ul class=\"list-group\">\n    <li class=\"list-group-item disabled\">Books to be referred</li>\n  <li class=\"list-group-item\">Yoga therapy, B.K.S.Iyengar</li>\n  <li class=\"list-group-item\">Yoga therapy for different ailments, SVYASA</li>\n  <li class=\"list-group-item\">Yoga Anatomy</li>\n  </ul>\n</div>\n</div>\n<div class=\"modal-footer text-center\">\n<!--<a type=\"button\" class=\"btn btn-primary btn-lg\" href=\"buy_now.php?pid=1\">Buy Now</a>-->\n</div>\n</div>\n</div>\n</div>', '', '', '', '', '', '', 10, '<ul class=\"list-group\">\r\n    <li class=\"list-group-item disabled\">Philosophy</li>\r\n  <li class=\"list-group-item\">Relating the philosophy with its therapeutic insight to every day life of individuals &amp; understanding the root cause of the ailmemts.</li>\r\n  </ul>\r\n  <ul class=\"list-group\">\r\n    <li class=\"list-group-item disabled\">Anatomy</li>\r\n  <li class=\"list-group-item\">A detailed, in-depth study into the anatomy &amp; physiology of human body.</li>\r\n  <li class=\"list-group-item\">Detailed study of the yoga therapy with respect to different ailments.</li>\r\n  <li class=\"list-group-item\">What not to teach for individuals suffering from different ailments.</li>\r\n  <li class=\"list-group-item\">Study of yoga for backache, nervous disorders, digestive disorders, arthritis &amp; women\'s health.</li>\r\n  </ul>\r\n<ul class=\"list-group\">\r\n    <li class=\"list-group-item disabled\">Asana</li>\r\n  <li class=\"list-group-item\">Study &amp; practice of asanas for treating different ailments</li>\r\n  <li class=\"list-group-item\">How to teach with the help of props(Guruji\'s technique).</li>\r\n  <li class=\"list-group-item\">Sequences for all the different disabilities &amp; how to help one to overcome them.</li>\r\n</ul>\r\n<ul class=\"list-group\">\r\n    <li class=\"list-group-item disabled\">Physiology</li>\r\n  <li class=\"list-group-item\">A brief study of the physiology of the human mind to help them move towards higher consciousness.</li>\r\n  <li class=\"list-group-item\">Practice of different meditational techniques to overcome one\'s own inhibitions &amp; help them to achieve unaltered happiness.</li>\r\n</ul>\r\n<ul class=\"list-group\">\r\n    <li class=\"list-group-item disabled\">Pranayama</li>\r\n  <li class=\"list-group-item\">Kapalbhati</li>\r\n  <li class=\"list-group-item\">Bhastrika Pranayama</li>\r\n  <li class=\"list-group-item\">Surya bhedhana pranayama</li>\r\n  <li class=\"list-group-item\">Nadi shodhana pranayama</li>\r\n  <li class=\"list-group-item\">Bhramari pranayama</li>\r\n  <li class=\"list-group-item text-info\"><i>In depth study of all the above pranayama Involves the theoretical study of each of the above &amp; practice sequence too that can be followed for upto 18 months .</i></li>\r\n  <li class=\"list-group-item text-info\"><i>Complete study of chapter 2 of hatha yoga pradapika &amp; study from \"light on pranayama\" , By B.K.S. Iyenagar</i></li>\r\n</ul>\r\n<ul class=\"list-group\">\r\n    <li class=\"list-group-item disabled\">Chanting</li>\r\n  <li class=\"list-group-item\">Yoga shloka</li>\r\n  <li class=\"list-group-item\">Surya Namaskara shloka &amp; 13 mantras</li>\r\n  <li class=\"list-group-item\">Shanti mantra</li>\r\n  <li class=\"list-group-item\">Pranayama shloka</li>\r\n  <li class=\"list-group-item text-info\"><i>The above will be taught to students in person &amp; by the end of the ttc they will be able to chant fluently too so that a part of Sanskrit language, the of all languages stays in them for every.</i></li>\r\n</ul>\r\n<ul class=\"list-group\">\r\n    <li class=\"list-group-item disabled\">Shatkarma (cleansing techniques )</li>\r\n  <li class=\"list-group-item\">Jala neti</li>\r\n  <li class=\"list-group-item\">Sutra neti</li>\r\n  <li class=\"list-group-item\">Shankapakshalana</li>\r\n  <li class=\"list-group-item\">Vamana dhouti</li>\r\n  </ul>\r\n  \r\n<ul class=\"list-group\">\r\n    <li class=\"list-group-item disabled\">Duration and intake</li>\r\n  <li class=\"list-group-item\">Weekday : Every Tuesday , Thursday &amp; Saturday - 2 months</li>\r\n  <li class=\"list-group-item\">Weekends : 3 months</li>\r\n  <li class=\"list-group-item\">A maximum of 10 students/ttc. Individual attention will be given all the students to bring out the best in them.</li>\r\n </ul>\r\n <ul class=\"list-group\">\r\n    <li class=\"list-group-item disabled\">Pre requisites</li>\r\n  <li class=\"list-group-item\">Must have completed the first level of Ashtanga yoga/ Hatha yoga</li>\r\n</ul>\r\n<ul class=\"list-group\">\r\n    <li class=\"list-group-item disabled\">Thesis presentation</li>\r\n  <li class=\"list-group-item\">At the end of the course students are advised to write a thesis on 3 ailments &amp; present the paper along with pre, post data.</li>\r\n  <li class=\"list-group-item\">Students are required to present atleast one paper in any one of the medical journal too and they will be assisted for the same.</li>\r\n  </ul>\r\n  \r\n  <ul class=\"list-group\">\r\n    <li class=\"list-group-item disabled\">Books to be referred</li>\r\n  <li class=\"list-group-item\">Yoga therapy, B.K.S.Iyengar</li>\r\n  <li class=\"list-group-item\">Yoga therapy for different ailments, SVYASA</li>\r\n  <li class=\"list-group-item\">Yoga Anatomy</li>\r\n  </ul>', 1, NULL, '0000-00-00', 0, '', '2017-03-09 04:18:19', '2017-03-09 05:17:19'),
(13, NULL, NULL, 'class', '', 'Weekend', 4, '0', '7500', 'INR', NULL, NULL, NULL, '4 Months', '<h2>Asana</h2>\r\n<ul>\r\n<li>Begineers level 1  standing asanas as per Light on yoga (B.K.S. IYENGAR )</li>\r\n<li>Sitting asanas</li>\r\n<li>Forward bending</li>\r\n<li>Backbending</li>\r\n</ul>\r\n<p>Relaxation Asanas for different health issues (if any)</p>\r\n<h2>Pranayama</h2>\r\n<ul>\r\n<li>Suryabhedhana Pranayama</li>\r\n<li>Chandra Bhedhana Pranayama</li>\r\n<li>Bhrahmari</li>\r\n</ul>\r\n<h2>Yoga nidra</h2>\r\n<ul>\r\n<li>The first stage of yoga Nidra</li>\r\n</ul>\r\n<h2>Meditation</h2>\r\n<ul>\r\n<li>First 3 steps of Antar mauna</li>\r\n<li>First  3 steps of cidakasa dharana</li>\r\n</ul>', '', '', '', '', '', '', NULL, NULL, 1, NULL, '0000-00-00', 0, '', '2017-03-09 01:08:11', '2017-03-09 01:10:05');
INSERT INTO `product` (`id`, `reference_no`, `menu_text`, `type`, `location`, `class_type`, `duration`, `duration_unit`, `price`, `currency`, `city`, `state`, `country`, `title`, `description`, `uniqueness`, `additional_info`, `pre-requisite`, `itinerary`, `exclusion`, `cancellation`, `max_bookings`, `html_template`, `is_active`, `start_date`, `end_date`, `shared`, `accomodation`, `created_date`, `updated_date`) VALUES
(3000, NULL, 'Goa', 'Retreat', 'Goa, Arambol', NULL, 200, 'Hours', '65000', 'INR', 'Arambol', 'Goa', 'India', 'GOA - SHARE', '<div id=\"class_detail1\" class=\"modal fade in\" role=\"dialog\" style=\"display: block;\">\n   <div class=\"modal-dialog modal-lg\">\n      <div class=\"modal-content\">\n         <div class=\"modal-header\">\n            <button type=\"button\" class=\"close\" data-dismiss=\"modal\">x</button>\n            <h4 class=\"modal-title\">GOA</h4>\n         </div>\n         <div class=\"modal-body class-info\">\n            <div class=\"col-xs-12 about_text\">\n               <h2 class=\"heading1 colr_h\">goa</h2>\n               <h3 class=\"heading2\">Welcome to the path of realistic evolution.</h3>\n               <div class=\"pd_bttm\">\n                  <div id=\"retreat_pages\">\n                     <div id=\"myCarousel\" class=\"carousel slide main_slider\" data-ride=\"carousel\">\n                        <div class=\"carousel-inner \" role=\"listbox\">\n                           <div class=\"item active\"><img src=\"assets/images/goa/goa_slide1.jpg\" alt=\"goa image slide\"></div>\n                           <div class=\"item\"><img src=\"assets/images/goa/goa_slide2.jpg\" alt=\"goa image slide\"></div>\n                           <div class=\"item\"><img src=\"assets/images/goa/goa_slide3.jpg\" alt=\"goa image slide\"></div>\n                        </div>\n                        <a class=\"left carousel-control\" href=\"#myCarousel\" role=\"button\" data-slide=\"prev\"><span class=\"sr-only\">Previous</span></a><a class=\"right carousel-control\" href=\"#myCarousel\" role=\"button\" data-slide=\"next\"><span class=\"sr-only\">Next</span></a>\n                     </div>\n                  </div>\n                  <div class=\"container-fluid\">\n                     <div class=\"row\">\n                        <div class=\"col-sm-5 col-sm-push-7\">\n                           <table class=\"table\">\n                              <tbody>\n                                 <tr class=\"active\">\n                                    <th>Date</th>\n                                    <td>To be notified</td>\n                                 </tr>\n                                 <tr class=\"info\">\n                                    <th>Location</th>\n                                    <td>Goa, Arambol</td>\n                                 </tr>\n                                 <tr class=\"success\">\n                                    <th>Book</th>\n                                    <td>-</td>\n                                 </tr>\n                              </tbody>\n                           </table>\n                        </div>\n                        <div class=\"col-sm-7 col-sm-pull-5\">Arambol is a traditional fisherman village, located approximately a one-hour drive from the Dabolim Airport (GOI) within the Pernem, administrative region of northern Goa, India. A short walk north off the main beach is a smaller beach with a \"fresh water lake\" close to the sea. The jungle valley, enclosed between low hills hide a spectacular Banyan tree. Strong winds during the main season make it a significant location for leisure sports, like Paragliding and Kite Surfing. A variety of practitioners in the healing arts offer courses inYoga, meditation, Odissi Dance and others, instruments (like Tabla, Sitar and other traditional Indian as well as Western instruments.</div>\n                     </div>\n                  </div>\n				  	 <ul class=\"list-group\">\n						<li class=\"list-group-item disabled\">Elibiligity</li>\n						<li class=\"list-group-item\">Skill : open to all .</li>\n						<li class=\"list-group-item\">Group size : Maximum of 12 participants</li>\n				</ul>\n				\n				 <ul class=\"list-group\">\n						<li class=\"list-group-item disabled\">Routine</li>\n						<li class=\"list-group-item\">One yoga class</li>\n						<li class=\"list-group-item\">Guided Meditation</li>\n				</ul>\n				\n				 <ul class=\"list-group\">\n						<li class=\"list-group-item disabled\">Whats so unique about the place ?</li>\n						<li class=\"list-group-item\">You will be Staying very next to Gurukulam</li>\n						<li class=\"list-group-item\">You will witness Indian culture in its true splendor</li>\n						<li class=\"list-group-item\">Cauvery river flows infront of ur room.</li>\n						<li class=\"list-group-item\">Lush greenery.(U will also spot peacocks early mornings)</li>\n				</ul>\n				\n				 <ul class=\"list-group\">\n						<li class=\"list-group-item disabled\">What\'s not included ?</li>\n						<li class=\"list-group-item\">Airfare & transportation ( to & fro )</li>\n						<li class=\"list-group-item\">Additional expenses</li>\n						<li class=\"list-group-item\">Visa</li>\n				</ul>\n				\n					 <ul class=\"list-group\">\n						<li class=\"list-group-item disabled\">Package</li>\n						<li class=\"list-group-item\">1 person : Rs. 15000</li>\n						<li class=\"list-group-item\">Hut( In Goa)/private room (Shared),</li>\n						<li class=\"list-group-item\">Shower,wifi & Meals</li>\n				</ul>\n				\n					 <ul class=\"list-group\">\n						<li class=\"list-group-item disabled\">Cancellation</li>\n						<li class=\"list-group-item\">Zero refund on cancellation </li>\n						<li class=\"list-group-item\">No transfers/extensions</li>\n					\n				</ul>\n               </div>\n            </div>\n         </div>\n         <div class=\"modal-footer text-center\">\n            <!--<a type=\"button\" class=\"btn btn-primary btn-lg\" href=\"buy_now.php?pid=1\">Buy Now</a>-->\n         </div>\n      </div>\n   </div>\n</div>', '', '', '', '', '', '', NULL, NULL, 1, NULL, '0000-00-00', 0, '', '2017-03-09 04:18:19', '2017-03-09 05:17:19');

-- --------------------------------------------------------

--
-- Table structure for table `product_images`
--

CREATE TABLE `product_images` (
  `id` int(11) NOT NULL,
  `product_id` int(11) DEFAULT NULL,
  `image_path` varchar(70) DEFAULT NULL
) ENGINE=InnoDB DEFAULT CHARSET=latin1;

--
-- Dumping data for table `product_images`
--

INSERT INTO `product_images` (`id`, `product_id`, `image_path`) VALUES
(1, 6, 'goa/goa_slide1.jpg'),
(2, 6, 'goa/goa_slide2.jpg'),
(3, 6, 'goa/goa_slide3.jpg'),
(4, 7, 'mysuru/mysuru_slide1.jpg'),
(5, 7, 'mysuru/mysuru_slide2.jpg'),
(6, 7, 'mysuru/mysuru_slide3.jpg'),
(7, 7, 'mysuru/mysuru_slide4.jpg'),
(8, 7, 'mysuru/mysuru_slide5.jpg'),
(9, 8, 'bali/bali_slide1.jpg'),
(10, 8, 'bali/bali_slide2.jpg'),
(11, 8, 'bali/bali_slide3.jpg');

-- --------------------------------------------------------

--
-- Table structure for table `retreats`
--

CREATE TABLE `retreats` (
  `id` int(11) NOT NULL,
  `reference_no` varchar(15) DEFAULT NULL,
  `duration` varchar(20) DEFAULT NULL,
  `start_date` date DEFAULT NULL,
  `location` varchar(20) DEFAULT NULL,
  `city` varchar(20) DEFAULT NULL,
  `country` varchar(20) DEFAULT NULL,
  `address` varchar(100) DEFAULT NULL,
  `is_active` tinyint(4) DEFAULT '1',
  `amount` decimal(10,0) DEFAULT NULL,
  `currency` varchar(3) DEFAULT NULL,
  `additional_info` varchar(100) DEFAULT NULL,
  `services` varchar(500) DEFAULT NULL,
  `itinerary` varchar(500) DEFAULT NULL,
  `exclusions` varchar(500) DEFAULT NULL,
  `inclusions` varchar(500) DEFAULT NULL
) ENGINE=InnoDB DEFAULT CHARSET=latin1;

-- --------------------------------------------------------

--
-- Table structure for table `testimonials`
--

CREATE TABLE `testimonials` (
  `id` int(11) NOT NULL,
  `username` varchar(20) NOT NULL,
  `photo` varchar(100) NOT NULL,
  `remarks` varchar(1000) NOT NULL,
  `is_active` tinyint(1) NOT NULL,
  `created_date` datetime NOT NULL
) ENGINE=MyISAM DEFAULT CHARSET=latin1;

--
-- Dumping data for table `testimonials`
--

INSERT INTO `testimonials` (`id`, `username`, `photo`, `remarks`, `is_active`, `created_date`) VALUES
(1, 'Kavya Talesara', 'img1.jpg', 'Yoga is a challenge within itself- This is exactly what I learnt going to Harsha Yoga Paathashaala. I joined the classes with minimal flexibility and within a month I noticed changes. Harsha noticed these changes and guided me with the next level of the aasans which helped me improve further . His classes make use of props which helps us take that extra step towards perfection. A combination of the mantras with the surya namaskaras fill our mornings with high energy and positivity . Pranayama and meditation bring total peace to the mind which takes us away from the hustle and bustle of this fast moving city life. Loved my experience with Harsha Yoga Paathashaala', 1, '2017-07-15 23:06:38'),
(2, 'Mohamed Nafees', 'img1.jpg', 'Yoga is a challenge within itself- This is exactly what I learnt going to Harsha Yoga Paathashaala. I joined the classes with minimal flexibility and within a month I noticed changes. Harsha noticed these changes and guided me with the next level of the aasans which helped me improve further . His classes make use of props which helps us take that extra step towards perfection. A combination of the mantras with the surya namaskaras fill our mornings with high energy and positivity . Pranayama and meditation bring total peace to the mind which takes us away from the hustle and bustle of this fast moving city life. Loved my experience with Harsha Yoga Paathashaala', 1, '2017-07-15 23:07:36');

-- --------------------------------------------------------

--
-- Table structure for table `ttc_schedule`
--

CREATE TABLE `ttc_schedule` (
  `id` int(11) NOT NULL,
  `ttc_name` varchar(25) NOT NULL,
  `hours` int(3) NOT NULL,
  `month` varchar(12) NOT NULL,
  `year` int(4) NOT NULL,
  `location` varchar(15) NOT NULL,
  `start_date` date DEFAULT NULL,
  `end_date` date DEFAULT NULL,
  `currency` varchar(3) NOT NULL,
  `price` int(8) NOT NULL,
  `remarks` varchar(50) NOT NULL,
  `isActive` int(2) NOT NULL DEFAULT '1'
) ENGINE=MyISAM DEFAULT CHARSET=latin1;

--
-- Dumping data for table `ttc_schedule`
--

INSERT INTO `ttc_schedule` (`id`, `ttc_name`, `hours`, `month`, `year`, `location`, `start_date`, `end_date`, `currency`, `price`, `remarks`, `isActive`) VALUES
(1, 'Ashtanga yoga', 0, 'January', 2018, 'Goa', '2017-07-20', '2017-07-30', '', 5000, '', 1);

-- --------------------------------------------------------

--
-- Table structure for table `users`
--

CREATE TABLE `users` (
  `id` int(11) NOT NULL,
  `name` varchar(50) DEFAULT NULL,
  `password` varchar(50) NOT NULL,
  `email` varchar(40) NOT NULL,
  `mobile` varchar(15) NOT NULL,
  `image` varchar(50) DEFAULT NULL,
  `city` varchar(20) DEFAULT NULL,
  `country` varchar(20) DEFAULT NULL,
  `is_active` tinyint(1) NOT NULL DEFAULT '0',
  `created_date` datetime DEFAULT NULL,
  `updated_date` datetime DEFAULT NULL
) ENGINE=InnoDB DEFAULT CHARSET=latin1;

--
-- Dumping data for table `users`
--

INSERT INTO `users` (`id`, `name`, `password`, `email`, `mobile`, `image`, `city`, `country`, `is_active`, `created_date`, `updated_date`) VALUES
(18, 'Keshav', '5f4dcc3b5aa765d61d8327deb882cf99', 'keshavsin@gmail.com', '9123456785', 'user.jpg', 'Bangalore', 'India', 1, '2017-06-22 05:11:15', '2017-06-22 05:12:54'),
(19, 'Jayant chandavarkar', 'ca79d28c9da91c9cfb933e53f8cf961b', 'jayant.chandavarkar@gmail.com', '7829810381', 'user.jpg', 'Bangalore', 'India', 1, '2017-06-26 05:22:15', '2017-06-26 05:32:31'),
(20, NULL, '21232f297a57a5a743894a0e4a801fc3', 'nafeejmc@gmail.com', '9597546714', 'user.jpg', 'Bangalore', 'India', 1, '2017-07-02 16:11:01', NULL);

--
-- Indexes for dumped tables
--

--
-- Indexes for table `admin`
--
ALTER TABLE `admin`
  ADD PRIMARY KEY (`id`),
  ADD UNIQUE KEY `id` (`id`);

--
-- Indexes for table `booking`
--
ALTER TABLE `booking`
  ADD PRIMARY KEY (`id`,`booking_date`,`user_id`);

--
-- Indexes for table `classes`
--
ALTER TABLE `classes`
  ADD PRIMARY KEY (`id`);

--
-- Indexes for table `class_details`
--
ALTER TABLE `class_details`
  ADD PRIMARY KEY (`id`);

--
-- Indexes for table `product`
--
ALTER TABLE `product`
  ADD PRIMARY KEY (`id`);

--
-- Indexes for table `product_images`
--
ALTER TABLE `product_images`
  ADD PRIMARY KEY (`id`);

--
-- Indexes for table `retreats`
--
ALTER TABLE `retreats`
  ADD PRIMARY KEY (`id`);

--
-- Indexes for table `testimonials`
--
ALTER TABLE `testimonials`
  ADD PRIMARY KEY (`id`);

--
-- Indexes for table `ttc_schedule`
--
ALTER TABLE `ttc_schedule`
  ADD PRIMARY KEY (`id`);

--
-- Indexes for table `users`
--
ALTER TABLE `users`
  ADD PRIMARY KEY (`id`);

--
-- AUTO_INCREMENT for dumped tables
--

--
-- AUTO_INCREMENT for table `admin`
--
ALTER TABLE `admin`
  MODIFY `id` int(11) NOT NULL AUTO_INCREMENT, AUTO_INCREMENT=3;
--
-- AUTO_INCREMENT for table `booking`
--
ALTER TABLE `booking`
  MODIFY `id` int(11) NOT NULL AUTO_INCREMENT, AUTO_INCREMENT=13;
--
-- AUTO_INCREMENT for table `classes`
--
ALTER TABLE `classes`
  MODIFY `id` int(11) NOT NULL AUTO_INCREMENT;
--
-- AUTO_INCREMENT for table `class_details`
--
ALTER TABLE `class_details`
  MODIFY `id` int(11) NOT NULL AUTO_INCREMENT;
--
-- AUTO_INCREMENT for table `product`
--
ALTER TABLE `product`
  MODIFY `id` int(11) NOT NULL AUTO_INCREMENT, AUTO_INCREMENT=3001;
--
-- AUTO_INCREMENT for table `product_images`
--
ALTER TABLE `product_images`
  MODIFY `id` int(11) NOT NULL AUTO_INCREMENT, AUTO_INCREMENT=12;
--
-- AUTO_INCREMENT for table `retreats`
--
ALTER TABLE `retreats`
  MODIFY `id` int(11) NOT NULL AUTO_INCREMENT;
--
-- AUTO_INCREMENT for table `testimonials`
--
ALTER TABLE `testimonials`
  MODIFY `id` int(11) NOT NULL AUTO_INCREMENT, AUTO_INCREMENT=3;
--
-- AUTO_INCREMENT for table `ttc_schedule`
--
ALTER TABLE `ttc_schedule`
  MODIFY `id` int(11) NOT NULL AUTO_INCREMENT, AUTO_INCREMENT=3;
--
-- AUTO_INCREMENT for table `users`
--
ALTER TABLE `users`
  MODIFY `id` int(11) NOT NULL AUTO_INCREMENT, AUTO_INCREMENT=21;
/*!40101 SET CHARACTER_SET_CLIENT=@OLD_CHARACTER_SET_CLIENT */;
/*!40101 SET CHARACTER_SET_RESULTS=@OLD_CHARACTER_SET_RESULTS */;
/*!40101 SET COLLATION_CONNECTION=@OLD_COLLATION_CONNECTION */;
